{"graph": {"_type": "graph-file", "sha256": "06a92ae61c5834cb3a5cb3a95768e403dcc1249307df80f18cde8eb42a7b831b", "size": 1414, "path": "media/graph/graph_summary_06a92ae61c5834cb3a5c.graph.json"}, "epoch": 60, "_timestamp": 1668794887.1891131, "loss": 88.70416259765625, "val_loss": 37.06735610961914, "_runtime": 191.22161316871643, "_step": 60, "best_val_loss": 0.8377447724342346, "best_epoch": 0, "_wandb": {"runtime": 190}}