{"graph": {"_type": "graph-file", "sha256": "88d20a8ff912f8a90acaf8cfc249f7996def1c4a30ad1b61c240ab10ca4ca62d", "size": 1414, "path": "media/graph/graph_summary_88d20a8ff912f8a90aca.graph.json"}, "epoch": 66, "_timestamp": 1668669684.779282, "loss": 441.3682556152344, "val_loss": 246.2582550048828, "_runtime": 171.8870370388031, "_step": 66, "best_val_loss": 0.7515960931777954, "best_epoch": 1, "_wandb": {"runtime": 171}}