{"graph": {"_type": "graph-file", "sha256": "c6aa63113064ce0c1723c1b034c38642ff8fd8e7bb99f88f42a03b8096951138", "size": 1411, "path": "media/graph/graph_summary_c6aa63113064ce0c1723.graph.json"}, "epoch": 57, "_timestamp": 1668783869.615537, "loss": 3443888.5, "val_loss": 1036676.4375, "_runtime": 179.64439487457275, "_step": 57, "best_val_loss": 1.7036964893341064, "best_epoch": 1, "_wandb": {"runtime": 179}}