{"graph": {"_type": "graph-file", "sha256": "26691aa8c4cda3ebb44769a3cef1fa13719a67825a65dbe29698c15905359f0e", "size": 1413, "path": "media/graph/graph_summary_26691aa8c4cda3ebb447.graph.json"}, "epoch": 84, "_timestamp": 1668685549.5773375, "loss": 65542.1484375, "val_loss": 49175.2421875, "_runtime": 174.70556950569153, "_step": 84, "best_val_loss": 0.7277984619140625, "best_epoch": 1, "_wandb": {"runtime": 173}}