{"graph": {"_type": "graph-file", "sha256": "5b2549620013e561f6abe20d804543d6457d94ce976a950ab43becd86309d2f3", "size": 1411, "path": "media/graph/graph_summary_5b2549620013e561f6ab.graph.json"}, "epoch": 66, "_timestamp": 1668670860.0542915, "loss": 600183.5, "val_loss": 469853.46875, "_runtime": 129.67906641960144, "_step": 66, "best_val_loss": 0.9551804661750793, "best_epoch": 2, "_wandb": {"runtime": 129}}