{"graph": {"_type": "graph-file", "sha256": "63c0049373df2fec0d6ffdd125bd8dfd3ba6e4b5ba218099cfdac458fa91f294", "size": 1414, "path": "media/graph/graph_summary_63c0049373df2fec0d6f.graph.json"}, "epoch": 47, "_timestamp": 1668786784.7394032, "loss": 174250.671875, "val_loss": 43174.125, "_runtime": 264.0301682949066, "_step": 47, "best_val_loss": 0.8613341450691223, "best_epoch": 0, "_wandb": {"runtime": 263}}