{"graph": {"_type": "graph-file", "sha256": "44ac6514b3d66b4addc7d34b4a456f88a37e6f1581b0506dc9c6daca9e1badae", "size": 1410, "path": "media/graph/graph_summary_44ac6514b3d66b4addc7.graph.json"}, "epoch": 68, "_timestamp": 1668676597.8701394, "loss": 430625344.0, "val_loss": 52602112.0, "_runtime": 212.85695433616638, "_step": 68, "best_val_loss": 1.683591365814209, "best_epoch": 0, "_wandb": {"runtime": 212}}