{"graph": {"_type": "graph-file", "sha256": "ec305027488f46a334a580705f2afc31f7c5f2879e4f3d22e7f68f3057bfbc40", "size": 1413, "path": "media/graph/graph_summary_ec305027488f46a334a5.graph.json"}, "epoch": 65, "_timestamp": 1668794505.3779032, "loss": 2972805.75, "val_loss": 921617.5625, "_runtime": 373.9198181629181, "_step": 65, "best_val_loss": 275755.40625, "best_epoch": 3, "_wandb": {"runtime": 373}}