{"graph": {"_type": "graph-file", "sha256": "04f26b085725842373913ce03011c96b18dff7b8dc898041dea2c6a787292a84", "size": 1414, "path": "media/graph/graph_summary_04f26b08572584237391.graph.json"}, "epoch": 73, "_timestamp": 1668685365.863397, "loss": 2325411.5, "val_loss": 900508.0625, "_runtime": 289.19156885147095, "_step": 73, "best_val_loss": 0.820665717124939, "best_epoch": 2, "_wandb": {"runtime": 288}}