{"graph": {"_type": "graph-file", "sha256": "892584942bbd71bbd05e109b5f63bb53ee047b4a7ede583025cfa5341ac67eb1", "size": 1412, "path": "media/graph/graph_summary_892584942bbd71bbd05e.graph.json"}, "epoch": 72, "_timestamp": 1668675078.1424887, "loss": 2464.934326171875, "val_loss": 1363.4117431640625, "_runtime": 263.04982566833496, "_step": 72, "best_val_loss": 0.8220943808555603, "best_epoch": 0, "_wandb": {"runtime": 262}}