{"graph": {"_type": "graph-file", "sha256": "45c8f840fa2394d347e6f88edc04c58a6e64f7f234cd14bcded14af1bd86d287", "size": 1414, "path": "media/graph/graph_summary_45c8f840fa2394d347e6.graph.json"}, "epoch": 99, "_timestamp": 1668668697.485306, "loss": 62.92179870605469, "val_loss": 51.706783294677734, "_runtime": 330.1726129055023, "_step": 99, "best_val_loss": 0.811162531375885, "best_epoch": 0, "_wandb": {"runtime": 329}}