{"graph": {"_type": "graph-file", "sha256": "089cec5d51287c766e3730f0f92afb0fae7912ea7055ba676433401a585a5d65", "size": 1411, "path": "media/graph/graph_summary_089cec5d51287c766e37.graph.json"}, "epoch": 98, "_timestamp": 1668782989.4088247, "loss": 453247.53125, "val_loss": 184616.359375, "_runtime": 362.801287651062, "_step": 98, "best_val_loss": 0.8630630373954773, "best_epoch": 1, "_wandb": {"runtime": 361}}