{"graph": {"_type": "graph-file", "sha256": "d9f51d25975275824bffefdf84554d00b2388991237c1ddecdf67df9863a4fcb", "size": 1413, "path": "media/graph/graph_summary_d9f51d25975275824bff.graph.json"}, "epoch": 23, "_timestamp": 1668788293.1620598, "loss": 0.6833251714706421, "val_loss": 0.7511428594589233, "_runtime": 72.06547975540161, "_step": 23, "best_val_loss": 0.6696072816848755, "best_epoch": 10, "_wandb": {"runtime": 71}}