{"graph": {"_type": "graph-file", "sha256": "df2c89e4bdb7b29991c93cec64096989cbc14fa125a104870075f02f21094ffe", "size": 1414, "path": "media/graph/graph_summary_df2c89e4bdb7b29991c9.graph.json"}, "epoch": 30, "_timestamp": 1668678991.4726226, "loss": 3.0688211917877197, "val_loss": 1.514333724975586, "_runtime": 178.64937472343445, "_step": 30, "best_val_loss": 0.8941811323165894, "best_epoch": 1, "_wandb": {"runtime": 178}}