{"graph": {"_type": "graph-file", "sha256": "d41cf0bb946dea679776bf7186feae918b5093cc5a6cd2293d0bb4cfaf323af3", "size": 1414, "path": "media/graph/graph_summary_d41cf0bb946dea679776.graph.json"}, "epoch": 55, "_timestamp": 1668794684.9050522, "loss": 883684.25, "val_loss": 7819.56884765625, "_runtime": 173.6714732646942, "_step": 55, "best_val_loss": 0.7307772040367126, "best_epoch": 1, "_wandb": {"runtime": 173}}