{"graph": {"_type": "graph-file", "sha256": "b98b00f90fc7be2d6027e4b8d037f08b21c9418a80759f125a2181f1d1548adf", "size": 1414, "path": "media/graph/graph_summary_b98b00f90fc7be2d6027.graph.json"}, "epoch": 60, "_timestamp": 1668679925.9009051, "loss": 2894406912.0, "val_loss": 39885436.0, "_runtime": 192.85009622573853, "_step": 60, "best_val_loss": 9.942359924316406, "best_epoch": 1, "_wandb": {"runtime": 192}}