{"graph": {"_type": "graph-file", "sha256": "1697afb61a28ddcd154ca87f701c051636dd608a95e0ce677d71d76c9f891fcd", "size": 1411, "path": "media/graph/graph_summary_1697afb61a28ddcd154c.graph.json"}, "epoch": 65, "_timestamp": 1668777184.1180987, "loss": 21694.078125, "val_loss": 6134.14453125, "_runtime": 342.10616183280945, "_step": 65, "best_val_loss": 0.8490076661109924, "best_epoch": 0, "_wandb": {"runtime": 341}}