{"graph": {"_type": "graph-file", "sha256": "976ffb144423d66086646f33178e5b007ec949b4a082c9f5599ae5036960a667", "size": 1412, "path": "media/graph/graph_summary_976ffb144423d6608664.graph.json"}, "epoch": 69, "_timestamp": 1668667257.687507, "loss": 579.0040893554688, "val_loss": 344.4011535644531, "_runtime": 383.5991108417511, "_step": 69, "best_val_loss": 0.9733158349990845, "best_epoch": 0, "_wandb": {"runtime": 383}}