{"graph": {"_type": "graph-file", "sha256": "ab47705f5e63ac592523ec033f8f0b6782a4b84165b76341da113f1f6be6bb6e", "size": 1412, "path": "media/graph/graph_summary_ab47705f5e63ac592523.graph.json"}, "epoch": 45, "_timestamp": 1668673608.203571, "loss": 118.88702392578125, "val_loss": 16.11282730102539, "_runtime": 264.6744441986084, "_step": 45, "best_val_loss": 4.1793599128723145, "best_epoch": 2, "_wandb": {"runtime": 264}}