{"graph": {"_type": "graph-file", "sha256": "ab47705f5e63ac592523ec033f8f0b6782a4b84165b76341da113f1f6be6bb6e", "size": 1412, "path": "media/graph/graph_summary_ab47705f5e63ac592523.graph.json"}, "epoch": 12, "_timestamp": 1668673422.5626, "loss": 8793.4501953125, "val_loss": 37.21714782714844, "_runtime": 79.03347301483154, "_step": 12, "best_val_loss": 4.1793599128723145, "best_epoch": 2}