{"graph": {"_type": "graph-file", "sha256": "2098066fcdc6f3771a3fefc1626dd20689199e829793c06f3592401634dfa8c8", "size": 1413, "path": "media/graph/graph_summary_2098066fcdc6f3771a3f.graph.json"}, "epoch": 56, "_timestamp": 1668787176.466158, "loss": 229664.375, "val_loss": 161348.921875, "_runtime": 117.5483968257904, "_step": 56, "best_val_loss": 0.7614690661430359, "best_epoch": 6, "_wandb": {"runtime": 117}}