{"graph": {"_type": "graph-file", "sha256": "6dd573932bf0d5493b4876ca1794928cefc11c572fcbfd2c9dd697cb7ae4de76", "size": 1411, "path": "media/graph/graph_summary_6dd573932bf0d5493b48.graph.json"}, "epoch": 60, "_timestamp": 1668675231.0320013, "loss": 972.4320678710938, "val_loss": 291.5283508300781, "_runtime": 143.78301119804382, "_step": 60, "best_val_loss": 0.8442347645759583, "best_epoch": 0, "_wandb": {"runtime": 143}}