{"graph": {"_type": "graph-file", "sha256": "2144da59941a15aece1bc97d169e6c79798c799964815611a74a34eb18f68f79", "size": 1409, "path": "media/graph/graph_summary_2144da59941a15aece1b.graph.json"}, "epoch": 77, "_timestamp": 1668792496.3281333, "loss": 59129.5078125, "val_loss": 13018.478515625, "_runtime": 210.99126029014587, "_step": 77, "best_val_loss": 0.8510707020759583, "best_epoch": 0, "_wandb": {"runtime": 210}}