{"graph": {"_type": "graph-file", "sha256": "e6cfd37392a1662da9e250625b1ccbcab7f9b4fd5330f05c0d0bacf067f69ec5", "size": 1414, "path": "media/graph/graph_summary_e6cfd37392a1662da9e2.graph.json"}, "epoch": 73, "_timestamp": 1668781933.5654821, "loss": 14607312.0, "val_loss": 2528841.75, "_runtime": 422.80819511413574, "_step": 73, "best_val_loss": 1.5453953742980957, "best_epoch": 0, "_wandb": {"runtime": 422}}