{"graph": {"_type": "graph-file", "sha256": "34cb8060f394f98f035a2a89e27306f9e22dd7ddf9d99b1bb79ab4bddf4e4aff", "size": 1414, "path": "media/graph/graph_summary_34cb8060f394f98f035a.graph.json"}, "epoch": 27, "_timestamp": 1668669844.9372559, "loss": 185342.890625, "val_loss": 50560.4140625, "_runtime": 152.2765188217163, "_step": 27, "best_val_loss": 0.844717264175415, "best_epoch": 0, "_wandb": {"runtime": 151}}