{"graph": {"_type": "graph-file", "sha256": "2fcb6544b13c9eec7aef88808cf7246271384c8467c3e4463ef94d2b21f309a2", "size": 1412, "path": "media/graph/graph_summary_2fcb6544b13c9eec7aef.graph.json"}, "epoch": 88, "_timestamp": 1668677300.8114932, "loss": 538.4803466796875, "val_loss": 305.90533447265625, "_runtime": 226.10285925865173, "_step": 88, "best_val_loss": 0.7539029121398926, "best_epoch": 1, "_wandb": {"runtime": 225}}