{"graph": {"_type": "graph-file", "sha256": "c21e9c371494e1e7eeef08f64b42fe9f553b546bd036237e7cfcc2313b7ca1b9", "size": 1413, "path": "media/graph/graph_summary_c21e9c371494e1e7eeef.graph.json"}, "epoch": 44, "_timestamp": 1668781502.0321338, "loss": 31686460.0, "val_loss": 184503.75, "_runtime": 249.70935893058777, "_step": 44, "best_val_loss": 0.8706957101821899, "best_epoch": 0, "_wandb": {"runtime": 249}}