{"graph": {"_type": "graph-file", "sha256": "11ade7ba963642e98c3892b05c6e7194fc1d67a2e139ca044a228218f93ae766", "size": 1413, "path": "media/graph/graph_summary_11ade7ba963642e98c38.graph.json"}, "epoch": 72, "_timestamp": 1668672782.0127256, "loss": 4.5167646408081055, "val_loss": 3.358405113220215, "_runtime": 229.29642152786255, "_step": 72, "best_val_loss": 0.7923439741134644, "best_epoch": 2, "_wandb": {"runtime": 228}}