{"graph": {"_type": "graph-file", "sha256": "c56735de3e9bb9fb62b7fd03b444968ac782ea67ea21cd04dc299503675fa652", "size": 1414, "path": "media/graph/graph_summary_c56735de3e9bb9fb62b7.graph.json"}, "epoch": 25, "_timestamp": 1668683958.6040893, "loss": 2150.7431640625, "val_loss": 940.1746826171875, "_runtime": 110.78864526748657, "_step": 25, "best_val_loss": 0.7983803749084473, "best_epoch": 0, "_wandb": {"runtime": 110}}