{"graph": {"_type": "graph-file", "sha256": "e636e64c9590316cd24589e2e3a463f30ea2fa122c309523467243835de75275", "size": 1407, "path": "media/graph/graph_summary_e636e64c9590316cd245.graph.json"}, "epoch": 81, "_timestamp": 1668664468.5241096, "loss": 930669.0, "val_loss": 13418.779296875, "_runtime": 136.22050952911377, "_step": 81, "best_val_loss": 0.791911244392395, "best_epoch": 0, "_wandb": {"runtime": 135}}