{"graph": {"_type": "graph-file", "sha256": "41d5898154d3e82432a3bd3c10c28cc2e88dd81fc8269267735c17cfd5a5ef7c", "size": 1412, "path": "media/graph/graph_summary_41d5898154d3e82432a3.graph.json"}, "epoch": 69, "_timestamp": 1668683838.406214, "loss": 5591.51123046875, "val_loss": 74.01766204833984, "_runtime": 360.25904297828674, "_step": 69, "best_val_loss": 2.0062832832336426, "best_epoch": 4, "_wandb": {"runtime": 359}}