{"graph": {"_type": "graph-file", "sha256": "b3033c1e519ab91f76456fd3bec1c3676721845b51c5b301f8a5390df4e9a223", "size": 1411, "path": "media/graph/graph_summary_b3033c1e519ab91f7645.graph.json"}, "epoch": 51, "_timestamp": 1668786425.7432735, "loss": 13.01884651184082, "val_loss": 9.6533203125, "_runtime": 127.98731350898743, "_step": 51, "best_val_loss": 0.7769833207130432, "best_epoch": 1, "_wandb": {"runtime": 127}}