{"graph": {"_type": "graph-file", "sha256": "ff3268b702ee38a68293a21c48584b0c3e260f2148a45979c4a8d0f9e0e9a9d2", "size": 1413, "path": "media/graph/graph_summary_ff3268b702ee38a68293.graph.json"}, "epoch": 27, "_timestamp": 1668687103.9327006, "loss": 7586500.0, "val_loss": 1281189.0, "_runtime": 157.91718769073486, "_step": 27, "best_val_loss": 2.9602034091949463, "best_epoch": 0, "_wandb": {"runtime": 157}}