{"graph": {"_type": "graph-file", "sha256": "7c26869d1aedab95ca092675070ad3737e663218566a051d82ca486589e9ee05", "size": 1413, "path": "media/graph/graph_summary_7c26869d1aedab95ca09.graph.json"}, "epoch": 52, "_timestamp": 1668784755.3889396, "loss": 423637.28125, "val_loss": 171842.0, "_runtime": 142.38929271697998, "_step": 52, "best_val_loss": 0.9029137492179871, "best_epoch": 2, "_wandb": {"runtime": 141}}