{"graph": {"_type": "graph-file", "sha256": "ff381634773f80939c6aff2414cdd3d1d765c0bc202855f7d4eaae97646181f5", "size": 1414, "path": "media/graph/graph_summary_ff381634773f80939c6a.graph.json"}, "epoch": 95, "_timestamp": 1668797094.6632879, "loss": 362937760.0, "val_loss": 4357280.0, "_runtime": 405.51843786239624, "_step": 95, "best_val_loss": 1.3689697980880737, "best_epoch": 0, "_wandb": {"runtime": 405}}