{"graph": {"_type": "graph-file", "sha256": "36ce759ee84129eeaab4caf6348143e17a0769206829d78bfcaf35e66fa3fbef", "size": 1414, "path": "media/graph/graph_summary_36ce759ee84129eeaab4.graph.json"}, "epoch": 98, "_timestamp": 1668789835.8471572, "loss": 106300.2890625, "val_loss": 48358.80859375, "_runtime": 365.9711241722107, "_step": 98, "best_val_loss": 0.8128108978271484, "best_epoch": 0, "_wandb": {"runtime": 365}}