{"graph": {"_type": "graph-file", "sha256": "848163adb304dba5f9ad95d79ed3d226ac8cd2998600eb905dd24ab3d9458b3a", "size": 1413, "path": "media/graph/graph_summary_848163adb304dba5f9ad.graph.json"}, "epoch": 55, "_timestamp": 1668792829.0624492, "loss": 5123977.0, "val_loss": 11056169.0, "_runtime": 111.43811821937561, "_step": 55, "best_val_loss": 1.054843544960022, "best_epoch": 3, "_wandb": {"runtime": 110}}