{"graph": {"_type": "graph-file", "sha256": "eed04b0571b5d9bd7a9ce440a929fb0cf92131d8b9f224b5bd3d158ba72bbf01", "size": 1414, "path": "media/graph/graph_summary_eed04b0571b5d9bd7a9c.graph.json"}, "epoch": 41, "_timestamp": 1668684742.6428711, "loss": 19.46786880493164, "val_loss": 7.014406681060791, "_runtime": 139.52223324775696, "_step": 41, "best_val_loss": 0.8282535076141357, "best_epoch": 0, "_wandb": {"runtime": 138}}