{"graph": {"_type": "graph-file", "sha256": "d32e8f68072f6ee67fa6c5fcf25a8e40a8107b95ed131201ca4483c7855d5b6d", "size": 1414, "path": "media/graph/graph_summary_d32e8f68072f6ee67fa6.graph.json"}, "epoch": 51, "_timestamp": 1668666388.2929568, "loss": 8960.45703125, "val_loss": 2682.5458984375, "_runtime": 207.48824191093445, "_step": 51, "best_val_loss": 0.7716038227081299, "best_epoch": 0, "_wandb": {"runtime": 207}}