{"graph": {"_type": "graph-file", "sha256": "117909e1bed7f65bfc6c95c5105b152bfc2cbe93b17599ab6a1f2f9fea7c913e", "size": 1414, "path": "media/graph/graph_summary_117909e1bed7f65bfc6c.graph.json"}, "epoch": 42, "_timestamp": 1668784005.0808058, "loss": 528418.8125, "val_loss": 289116.34375, "_runtime": 125.28837084770203, "_step": 42, "best_val_loss": 0.7528238892555237, "best_epoch": 2, "_wandb": {"runtime": 124}}