{"graph": {"_type": "graph-file", "sha256": "ca884f445a6cc419342314eaeeb1db7979f568a9db4e73f7037833383f8c9150", "size": 1410, "path": "media/graph/graph_summary_ca884f445a6cc4193423.graph.json"}, "epoch": 26, "_timestamp": 1668779181.4839728, "loss": 850744.9375, "val_loss": 8099.798828125, "_runtime": 52.949389696121216, "_step": 26, "best_val_loss": 0.7532300353050232, "best_epoch": 3, "_wandb": {"runtime": 52}}