{"graph": {"_type": "graph-file", "sha256": "9296cbbfd3063ccc9c9b2c7b38ffd21c1ebbf25d6f318a7818054060ca220e92", "size": 1411, "path": "media/graph/graph_summary_9296cbbfd3063ccc9c9b.graph.json"}, "epoch": 56, "_timestamp": 1668790869.3716226, "loss": 3081269.0, "val_loss": 754659.375, "_runtime": 301.7788405418396, "_step": 56, "best_val_loss": 0.8059446215629578, "best_epoch": 1, "_wandb": {"runtime": 301}}