{"graph": {"_type": "graph-file", "sha256": "a65e91cdad593cc371605c0913b9d994de005fcafc83610d3d25aca96c838873", "size": 1413, "path": "media/graph/graph_summary_a65e91cdad593cc37160.graph.json"}, "epoch": 73, "_timestamp": 1668787655.9714024, "loss": 21457652.0, "val_loss": 148472.34375, "_runtime": 175.45779943466187, "_step": 73, "best_val_loss": 0.7466555237770081, "best_epoch": 1, "_wandb": {"runtime": 174}}