{"graph": {"_type": "graph-file", "sha256": "43a8c3244482ebdd39a82ddf72fc82340dd6ccaebfc9a9869f427252a5dd64ad", "size": 1413, "path": "media/graph/graph_summary_43a8c3244482ebdd39a8.graph.json"}, "epoch": 49, "_timestamp": 1668791147.315885, "loss": 299.5116271972656, "val_loss": 258.599365234375, "_runtime": 133.48200917243958, "_step": 49, "best_val_loss": 0.859996497631073, "best_epoch": 1, "_wandb": {"runtime": 133}}