{"graph": {"_type": "graph-file", "sha256": "96eb7133d64576106dad2903dabf7bea7fce650a9783abd635b88a98ed63abf6", "size": 1414, "path": "media/graph/graph_summary_96eb7133d64576106dad.graph.json"}, "epoch": 64, "_timestamp": 1668672535.9011023, "loss": 5159464.0, "val_loss": 883005.625, "_runtime": 336.81089425086975, "_step": 64, "best_val_loss": 1.143319845199585, "best_epoch": 0, "_wandb": {"runtime": 336}}