{"graph": {"_type": "graph-file", "sha256": "71e94ffe3e9a4628117fbf3329f0db6f0f8b337db7499ab188a807d414bc48e8", "size": 1413, "path": "media/graph/graph_summary_71e94ffe3e9a4628117f.graph.json"}, "epoch": 73, "_timestamp": 1668783421.0068386, "loss": 310822.375, "val_loss": 63210.62890625, "_runtime": 424.3418035507202, "_step": 73, "best_val_loss": 1.2810757160186768, "best_epoch": 0, "_wandb": {"runtime": 423}}