{"graph": {"_type": "graph-file", "sha256": "aee3e6d085f163fabef28f9e2b459a58537d3a164acbc705f4eb2a222e3b04c4", "size": 1413, "path": "media/graph/graph_summary_aee3e6d085f163fabef2.graph.json"}, "epoch": 36, "_timestamp": 1668777456.4455888, "loss": 1849.9434814453125, "val_loss": 109.04288482666016, "_runtime": 116.77733993530273, "_step": 36, "best_val_loss": 0.8881461024284363, "best_epoch": 0, "_wandb": {"runtime": 116}}