{"graph": {"_type": "graph-file", "sha256": "8f283c3c6b29dc61b0a6af4da7a64d052fe16b55adf9e4c0f6afd6f44e2a576e", "size": 1414, "path": "media/graph/graph_summary_8f283c3c6b29dc61b0a6.graph.json"}, "epoch": 97, "_timestamp": 1668790561.0523307, "loss": 6.631419658660889, "val_loss": 4.74644136428833, "_runtime": 259.98850870132446, "_step": 97, "best_val_loss": 0.7124510407447815, "best_epoch": 39, "_wandb": {"runtime": 259}}