{"graph": {"_type": "graph-file", "sha256": "4224d5102c2f4acfd354c525668d13c8d5ad64ffed0067e69d3d9a1a8e549b10", "size": 1411, "path": "media/graph/graph_summary_4224d5102c2f4acfd354.graph.json"}, "epoch": 91, "_timestamp": 1668779826.5787392, "loss": 110935000.0, "val_loss": 499250.625, "_runtime": 184.0068802833557, "_step": 91, "best_val_loss": 0.7563639879226685, "best_epoch": 5, "_wandb": {"runtime": 183}}