{"graph": {"_type": "graph-file", "sha256": "4049f44bee0ff9f6e6483a16bc80f960ac86a974a0cfe3c34b43ea1cd5f5556b", "size": 1414, "path": "media/graph/graph_summary_4049f44bee0ff9f6e648.graph.json"}, "epoch": 27, "_timestamp": 1668666479.2357113, "loss": 144086.296875, "val_loss": 145469.78125, "_runtime": 82.26629638671875, "_step": 27, "best_val_loss": 0.724567711353302, "best_epoch": 3, "_wandb": {"runtime": 81}}