{"graph": {"_type": "graph-file", "sha256": "518c6cd152fd03c7b910e9a127dffacb8cf79ec86c515fb19b65ea4548f234d5", "size": 1411, "path": "media/graph/graph_summary_518c6cd152fd03c7b910.graph.json"}, "epoch": 26, "_timestamp": 1668686114.341315, "loss": 33770588.0, "val_loss": 21046234.0, "_runtime": 73.0394561290741, "_step": 26, "best_val_loss": 0.7549933195114136, "best_epoch": 1, "_wandb": {"runtime": 72}}