{"graph": {"_type": "graph-file", "sha256": "9acd87487a0bf4f0fa926342dc3cc9cdd6c5fccbac4bdb36ad926fca5785c0f7", "size": 1413, "path": "media/graph/graph_summary_9acd87487a0bf4f0fa92.graph.json"}, "epoch": 84, "_timestamp": 1668795185.1954465, "loss": 1327585.25, "val_loss": 688800.8125, "_runtime": 289.39934039115906, "_step": 84, "best_val_loss": 0.8010286688804626, "best_epoch": 2, "_wandb": {"runtime": 288}}