{"graph": {"_type": "graph-file", "sha256": "acd58652c3548d12cb0307fdaebcffdf20e200a1a1b29ccd2e4b532f87b24c4f", "size": 1410, "path": "media/graph/graph_summary_acd58652c3548d12cb03.graph.json"}, "epoch": 55, "_timestamp": 1668679723.364516, "loss": 2066.5224609375, "val_loss": 641.7906494140625, "_runtime": 277.48132491111755, "_step": 55, "best_val_loss": 15.586864471435547, "best_epoch": 1, "_wandb": {"runtime": 276}}