{"graph": {"_type": "graph-file", "sha256": "3bd84c0b0a738ef964e48e9f021fa5047eef189eb3d574e38c9b3de7365de639", "size": 1412, "path": "media/graph/graph_summary_3bd84c0b0a738ef964e4.graph.json"}, "epoch": 72, "_timestamp": 1668666671.4842782, "loss": 0.7064353227615356, "val_loss": 0.681861937046051, "_runtime": 181.6545181274414, "_step": 72, "best_val_loss": 0.6662545204162598, "best_epoch": 54, "_wandb": {"runtime": 181}}