{"graph": {"_type": "graph-file", "sha256": "cdd59fafe79e3e87db87fe9aa1bcd7ca815cbdeb233d996d4461fbea3e3f6bcf", "size": 1410, "path": "media/graph/graph_summary_cdd59fafe79e3e87db87.graph.json"}, "epoch": 50, "_timestamp": 1668777629.0008976, "loss": 2618516.0, "val_loss": 25621.56640625, "_runtime": 165.37515568733215, "_step": 50, "best_val_loss": 0.7641621828079224, "best_epoch": 0, "_wandb": {"runtime": 165}}