{"graph": {"_type": "graph-file", "sha256": "2fe8298f41316844931a88a45a2cbe7107554f4fcb3397f996245553598d19c6", "size": 1412, "path": "media/graph/graph_summary_2fe8298f41316844931a.graph.json"}, "epoch": 82, "_timestamp": 1668787472.802001, "loss": 65.0478286743164, "val_loss": 40.181724548339844, "_runtime": 289.5619990825653, "_step": 82, "best_val_loss": 0.9200646281242371, "best_epoch": 0, "_wandb": {"runtime": 289}}