{"graph": {"_type": "graph-file", "sha256": "e190cbede20cbfa34dc1a3be424206350fd51c478ebb5a9efa87a3d09a39964f", "size": 1412, "path": "media/graph/graph_summary_e190cbede20cbfa34dc1.graph.json"}, "epoch": 36, "_timestamp": 1668679436.1864743, "loss": 9.055377960205078, "val_loss": 0.791881799697876, "_runtime": 191.14615535736084, "_step": 36, "best_val_loss": 0.6993826031684875, "best_epoch": 31, "_wandb": {"runtime": 190}}