{"graph": {"_type": "graph-file", "sha256": "c28672832249125b9d5c6ef7f585a44a187792d79fc12ead16a2e37dd10efcb6", "size": 1411, "path": "media/graph/graph_summary_c28672832249125b9d5c.graph.json"}, "epoch": 91, "_timestamp": 1668778611.085995, "loss": 316.7196960449219, "val_loss": 112.38716125488281, "_runtime": 297.67036294937134, "_step": 91, "best_val_loss": 0.8216908574104309, "best_epoch": 0, "_wandb": {"runtime": 297}}