{"graph": {"_type": "graph-file", "sha256": "e26b9c2e80e320d5d0f0f01ac892dfca7cd5ce409c373d0f7c8f40b90bfc6c61", "size": 1408, "path": "media/graph/graph_summary_e26b9c2e80e320d5d0f0.graph.json"}, "epoch": 77, "_timestamp": 1668786952.495934, "loss": 9401777.0, "val_loss": 879472.9375, "_runtime": 160.0427520275116, "_step": 77, "best_val_loss": 0.7398613095283508, "best_epoch": 2, "_wandb": {"runtime": 159}}