{"graph": {"_type": "graph-file", "sha256": "f3185bbe61878c3c0beb7e3252f4713457904eb4ee859f64116ae2e235cfb6f2", "size": 1408, "path": "media/graph/graph_summary_f3185bbe61878c3c0beb.graph.json"}, "epoch": 74, "_timestamp": 1668685059.7701325, "loss": 276631808.0, "val_loss": 2054752.0, "_runtime": 159.65658354759216, "_step": 74, "best_val_loss": 0.7239713668823242, "best_epoch": 6, "_wandb": {"runtime": 159}}