{"graph": {"_type": "graph-file", "sha256": "59ce994dadef835a49294ab76d6aa3dd3f033254e775a0fe78e44ab55181ff41", "size": 1412, "path": "media/graph/graph_summary_59ce994dadef835a4929.graph.json"}, "epoch": 31, "_timestamp": 1668666040.669454, "loss": 124294992.0, "val_loss": 4331247.5, "_runtime": 100.73221611976624, "_step": 31, "best_val_loss": 0.8516992330551147, "best_epoch": 2, "_wandb": {"runtime": 100}}