{"graph": {"_type": "graph-file", "sha256": "05b215fa294ed9863b9ef0f6bddec892cfbce2256b2d0f0c56dc0d1511d43987", "size": 1414, "path": "media/graph/graph_summary_05b215fa294ed9863b9e.graph.json"}, "epoch": 74, "_timestamp": 1668793279.21939, "loss": 669290816.0, "val_loss": 4952326.0, "_runtime": 444.02269101142883, "_step": 74, "best_val_loss": 110404.5546875, "best_epoch": 65, "_wandb": {"runtime": 443}}