{"graph": {"_type": "graph-file", "sha256": "7309d4c16d9aa4df2111b66e12c72bb15c81676774a6498ae9969df5fcf44d6c", "size": 1414, "path": "media/graph/graph_summary_7309d4c16d9aa4df2111.graph.json"}, "epoch": 49, "_timestamp": 1668678610.1174948, "loss": 878.8665771484375, "val_loss": 350.72125244140625, "_runtime": 153.29916882514954, "_step": 49, "best_val_loss": 0.8299468755722046, "best_epoch": 0, "_wandb": {"runtime": 152}}