{"graph": {"_type": "graph-file", "sha256": "886bf2455d6ddbabdfdc88579a79bb7ab9c3cb437e6ba309aa4f03e580af83ad", "size": 1413, "path": "media/graph/graph_summary_886bf2455d6ddbabdfdc.graph.json"}, "epoch": 68, "_timestamp": 1668791964.0561202, "loss": 385.5889892578125, "val_loss": 176.35816955566406, "_runtime": 227.3794810771942, "_step": 68, "best_val_loss": 0.8433175086975098, "best_epoch": 0, "_wandb": {"runtime": 226}}