{"graph": {"_type": "graph-file", "sha256": "aa61db87757a503e0973b5ad7b34f6828c6b431a2465ed236b01ecf4cf8d764a", "size": 1414, "path": "media/graph/graph_summary_aa61db87757a503e0973.graph.json"}, "epoch": 23, "_timestamp": 1668671018.033014, "loss": 1050.0872802734375, "val_loss": 6.102552890777588, "_runtime": 144.0990960597992, "_step": 23, "best_val_loss": 0.8459013104438782, "best_epoch": 1, "_wandb": {"runtime": 143}}