{"graph": {"_type": "graph-file", "sha256": "112eeca8c2ce3ddaaa34df16e01a13e4db9bf9b880b010613c5089b932c64a9c", "size": 1413, "path": "media/graph/graph_summary_112eeca8c2ce3ddaaa34.graph.json"}, "epoch": 84, "_timestamp": 1668682520.062135, "loss": 8142.4853515625, "val_loss": 7398.326171875, "_runtime": 217.97395491600037, "_step": 84, "best_val_loss": 0.8301963806152344, "best_epoch": 0, "_wandb": {"runtime": 217}}