{"graph": {"_type": "graph-file", "sha256": "0f92ad9a293ea30f9ae7b245e425e690bf2ebae4dc20165ce11b7a6fa4849345", "size": 1414, "path": "media/graph/graph_summary_0f92ad9a293ea30f9ae7.graph.json"}, "epoch": 65, "_timestamp": 1668797372.925632, "loss": 255143360.0, "val_loss": 3137476.0, "_runtime": 267.8527100086212, "_step": 65, "best_val_loss": 0.9413312077522278, "best_epoch": 1, "_wandb": {"runtime": 267}}