{"graph": {"_type": "graph-file", "sha256": "6ee937647d115387cad41efca0ae2a81ab53344cec436a2e801e06a7284a3c24", "size": 1413, "path": "media/graph/graph_summary_6ee937647d115387cad4.graph.json"}, "epoch": 35, "_timestamp": 1668785189.6521077, "loss": 26175.0546875, "val_loss": 15610.4208984375, "_runtime": 87.48726272583008, "_step": 35, "best_val_loss": 0.788610577583313, "best_epoch": 5, "_wandb": {"runtime": 86}}