{"graph": {"_type": "graph-file", "sha256": "128baeefba4b50fb6a51590e110368c550b330dcebb2a861ec3058a598588abd", "size": 1413, "path": "media/graph/graph_summary_128baeefba4b50fb6a51.graph.json"}, "epoch": 45, "_timestamp": 1668666174.646056, "loss": 1139.2030029296875, "val_loss": 998.8216552734375, "_runtime": 117.07610487937927, "_step": 45, "best_val_loss": 0.7824274897575378, "best_epoch": 1, "_wandb": {"runtime": 116}}