{"graph": {"_type": "graph-file", "sha256": "66415dc520ccf756879bfa4593738830072e67fdc1284cd2f769265a81873650", "size": 1411, "path": "media/graph/graph_summary_66415dc520ccf756879b.graph.json"}, "epoch": 87, "_timestamp": 1668665330.8900971, "loss": 3568909.25, "val_loss": 1423751.25, "_runtime": 295.06367921829224, "_step": 87, "best_val_loss": 12.526050567626953, "best_epoch": 0, "_wandb": {"runtime": 294}}