{"graph": {"_type": "graph-file", "sha256": "3de0e3274735ea2b639f796aec2849fad70de7c7d6b124fbb2bd5bb63bf04e2c", "size": 1414, "path": "media/graph/graph_summary_3de0e3274735ea2b639f.graph.json"}, "epoch": 35, "_timestamp": 1668797625.8350656, "loss": 975.1240844726562, "val_loss": 539.8169555664062, "_runtime": 238.03573060035706, "_step": 35, "best_val_loss": 1.0230869054794312, "best_epoch": 0, "_wandb": {"runtime": 226}}