{"graph": {"_type": "graph-file", "sha256": "4937fbc09dad2f0a83f55d855c0030e4bfe354dc0338bf0ee1e458e1345da058", "size": 1412, "path": "media/graph/graph_summary_4937fbc09dad2f0a83f5.graph.json"}, "epoch": 42, "_timestamp": 1668791567.0012622, "loss": 2092390016.0, "val_loss": 11464991.0, "_runtime": 106.8129951953888, "_step": 42, "best_val_loss": 28292.18359375, "best_epoch": 7, "_wandb": {"runtime": 106}}