{"graph": {"_type": "graph-file", "sha256": "96bb383ff096626eb6b390af45349a2d634db3c69c66b7028ea73e9599955cf0", "size": 1414, "path": "media/graph/graph_summary_96bb383ff096626eb6b3.graph.json"}, "epoch": 91, "_timestamp": 1668670660.4991224, "loss": 529885.875, "val_loss": 79263.8359375, "_runtime": 557.2179594039917, "_step": 91, "best_val_loss": 0.9154418706893921, "best_epoch": 0, "_wandb": {"runtime": 556}}