{"graph": {"_type": "graph-file", "sha256": "50658410fe1bc04a65fd354e85ec60ffeaba31d7f6dee13ef11481c0aff67dc5", "size": 1413, "path": "media/graph/graph_summary_50658410fe1bc04a65fd.graph.json"}, "epoch": 69, "_timestamp": 1668678801.7863421, "loss": 2.5468430519104004, "val_loss": 1.5120769739151, "_runtime": 180.4580681324005, "_step": 69, "best_val_loss": 0.7188873887062073, "best_epoch": 12, "_wandb": {"runtime": 179}}