{"graph": {"_type": "graph-file", "sha256": "b06187e4d0aefdcd392acdce66a24c02d7e4b21bb97f0ab5a59068a4f736488c", "size": 1413, "path": "media/graph/graph_summary_b06187e4d0aefdcd392a.graph.json"}, "epoch": 61, "_timestamp": 1668667626.1766884, "loss": 93795280.0, "val_loss": 473078.71875, "_runtime": 357.65370655059814, "_step": 61, "best_val_loss": 1.2395544052124023, "best_epoch": 0, "_wandb": {"runtime": 357}}