{"graph": {"_type": "graph-file", "sha256": "e5ea4aec933b4fb97138a54bc5a7a67ec4eaa7ef2bdb8323b7160e14c3cc17fd", "size": 1411, "path": "media/graph/graph_summary_e5ea4aec933b4fb97138.graph.json"}, "epoch": 64, "_timestamp": 1668780661.5973442, "loss": 48610692.0, "val_loss": 988289.9375, "_runtime": 341.9079451560974, "_step": 64, "best_val_loss": 0.9068183302879333, "best_epoch": 0, "_wandb": {"runtime": 341}}