{"graph": {"_type": "graph-file", "sha256": "6b0ef3faa16c6589cde8b46499feed9ecf1b7c7874223b476e4b950c87417fcb", "size": 1408, "path": "media/graph/graph_summary_6b0ef3faa16c6589cde8.graph.json"}, "epoch": 46, "_timestamp": 1668676035.4016795, "loss": 0.6571395397186279, "val_loss": 0.6715631484985352, "_runtime": 123.1040894985199, "_step": 46, "best_val_loss": 0.6475429534912109, "best_epoch": 43, "_wandb": {"runtime": 122}}