{"graph": {"_type": "graph-file", "sha256": "af03ce4869105c81df7ff34501349cd08652d5bbefeffbf33ba98dd90cc306da", "size": 1410, "path": "media/graph/graph_summary_af03ce4869105c81df7f.graph.json"}, "epoch": 50, "_timestamp": 1668779352.9737995, "loss": 0.7306424975395203, "val_loss": 0.7961322665214539, "_runtime": 162.9139425754547, "_step": 50, "best_val_loss": 0.6836282014846802, "best_epoch": 37, "_wandb": {"runtime": 162}}