{"graph": {"_type": "graph-file", "sha256": "c718272fa2654728738836d73c8e96af919a3f8db7f118aeacc04f051d1558f2", "size": 1414, "path": "media/graph/graph_summary_c718272fa26547287388.graph.json"}, "epoch": 26, "_timestamp": 1668682288.158903, "loss": 0.6596041321754456, "val_loss": 0.6559469103813171, "_runtime": 73.50835800170898, "_step": 26, "best_val_loss": 0.6559469103813171, "best_epoch": 26, "_wandb": {"runtime": 73}}