{"graph": {"_type": "graph-file", "sha256": "65b859a6c2a88fc60f4d490cc6bf898ec85d0790e5472437b47b433e89e400d1", "size": 1412, "path": "media/graph/graph_summary_65b859a6c2a88fc60f4d.graph.json"}, "epoch": 21, "_timestamp": 1668788768.9709325, "loss": 303.1949157714844, "val_loss": 145.64512634277344, "_runtime": 58.81805658340454, "_step": 21, "best_val_loss": 0.836106538772583, "best_epoch": 0, "_wandb": {"runtime": 58}}