{"graph": {"_type": "graph-file", "sha256": "a71a9c90616665fc2ebe47e7760cba4b1fcc9cbe50fca330d4a1ec152118732f", "size": 1414, "path": "media/graph/graph_summary_a71a9c90616665fc2ebe.graph.json"}, "epoch": 58, "_timestamp": 1668677651.6426365, "loss": 374472512.0, "val_loss": 16213703.0, "_runtime": 342.97019052505493, "_step": 58, "best_val_loss": 84599.0625, "best_epoch": 26, "_wandb": {"runtime": 342}}