{"graph": {"_type": "graph-file", "sha256": "cb0b22d264c5431c003e58ed18113328b3f6ee4214fddd8c6094c54eac673cf6", "size": 1412, "path": "media/graph/graph_summary_cb0b22d264c5431c003e.graph.json"}, "epoch": 84, "_timestamp": 1668789460.99258, "loss": 34908.26953125, "val_loss": 6946.81494140625, "_runtime": 258.4574809074402, "_step": 84, "best_val_loss": 0.747850775718689, "best_epoch": 0, "_wandb": {"runtime": 257}}