{"graph": {"_type": "graph-file", "sha256": "e9705386a560d72775dc1657c98c22dc1ab25b9e13c5715e81bb2b33ad241efe", "size": 1410, "path": "media/graph/graph_summary_e9705386a560d72775dc.graph.json"}, "epoch": 43, "_timestamp": 1668796543.8311875, "loss": 1190.5831298828125, "val_loss": 476.8855895996094, "_runtime": 100.67121648788452, "_step": 43, "best_val_loss": 0.7725088596343994, "best_epoch": 0, "_wandb": {"runtime": 100}}