{"graph": {"_type": "graph-file", "sha256": "a83a170aa8e5aacce3c830f52ff05155d37c8f88eb80af14f526d2d752d47583", "size": 1414, "path": "media/graph/graph_summary_a83a170aa8e5aacce3c8.graph.json"}, "epoch": 80, "_timestamp": 1668684430.702909, "loss": 3038.306640625, "val_loss": 34.64244842529297, "_runtime": 464.69288206100464, "_step": 80, "best_val_loss": 0.8469253778457642, "best_epoch": 1, "_wandb": {"runtime": 464}}