{"graph": {"_type": "graph-file", "sha256": "87e6705c8e3d4b26c2a7bc45b780bbf3c436eb6423503a3bb4153cf87cec1997", "size": 1414, "path": "media/graph/graph_summary_87e6705c8e3d4b26c2a7.graph.json"}, "epoch": 71, "_timestamp": 1668781148.2606146, "loss": 1109521408.0, "val_loss": 108027112.0, "_runtime": 223.5373375415802, "_step": 71, "best_val_loss": 1.3665099143981934, "best_epoch": 2, "_wandb": {"runtime": 223}}