{"graph": {"_type": "graph-file", "sha256": "a0c63bfcea6619b52b5053103ed2f28c19f79dbccf2ba618e0eec470b0cf390b", "size": 1414, "path": "media/graph/graph_summary_a0c63bfcea6619b52b50.graph.json"}, "epoch": 77, "_timestamp": 1668784196.987891, "loss": 4631805.0, "val_loss": 3605941.75, "_runtime": 184.0169620513916, "_step": 77, "best_val_loss": 1.8945649862289429, "best_epoch": 1, "_wandb": {"runtime": 183}}