{"graph": {"_type": "graph-file", "sha256": "bbff09a9769774c8428b3f2c201c59df06388be2099b9fbd6166b16e0c54628b", "size": 1414, "path": "media/graph/graph_summary_bbff09a9769774c8428b.graph.json"}, "epoch": 38, "_timestamp": 1668665467.0945086, "loss": 24469506.0, "val_loss": 10763429.0, "_runtime": 117.08943462371826, "_step": 38, "best_val_loss": 1.3843482732772827, "best_epoch": 1, "_wandb": {"runtime": 116}}