{"graph": {"_type": "graph-file", "sha256": "386b0a5003b2c803f15db401f35acb7fb5577efe0d3da83baec15bca9bc7834b", "size": 1414, "path": "media/graph/graph_summary_386b0a5003b2c803f15d.graph.json"}, "epoch": 72, "_timestamp": 1668666864.1690276, "loss": 1287673.125, "val_loss": 1926009.125, "_runtime": 184.73823165893555, "_step": 72, "best_val_loss": 0.829391598701477, "best_epoch": 0, "_wandb": {"runtime": 184}}