{"graph": {"_type": "graph-file", "sha256": "6aac545da76868c92978aa2288a53378c823f6ffa9233fdf087dd400f964b063", "size": 1411, "path": "media/graph/graph_summary_6aac545da76868c92978.graph.json"}, "epoch": 95, "_timestamp": 1668669504.3055472, "loss": 941.318359375, "val_loss": 452.3013610839844, "_runtime": 262.8651452064514, "_step": 95, "best_val_loss": 0.833763062953949, "best_epoch": 0, "_wandb": {"runtime": 262}}