{"graph": {"_type": "graph-file", "sha256": "b66c6bd62376a33cf8776823a1998d37bc8377a2acfa35d26334028942a23073", "size": 1414, "path": "media/graph/graph_summary_b66c6bd62376a33cf877.graph.json"}, "epoch": 25, "_timestamp": 1668665631.5843124, "loss": 712340.8125, "val_loss": 160601.28125, "_runtime": 148.43196940422058, "_step": 25, "best_val_loss": 0.9908616542816162, "best_epoch": 0, "_wandb": {"runtime": 148}}