{"graph": {"_type": "graph-file", "sha256": "cc5de0f45e8d4cb002322bb79153497d00e688bd9e9827a52f384ec4c4e49690", "size": 1412, "path": "media/graph/graph_summary_cc5de0f45e8d4cb00232.graph.json"}, "epoch": 63, "_timestamp": 1668788212.473106, "loss": 1109459.25, "val_loss": 730109.3125, "_runtime": 330.41243386268616, "_step": 63, "best_val_loss": 1.3033696413040161, "best_epoch": 1, "_wandb": {"runtime": 329}}