{"graph": {"_type": "graph-file", "sha256": "01cfbc9a27523a909ef426d8523d99075d2a8a1d88ba81f9630fadad10dc43c3", "size": 1412, "path": "media/graph/graph_summary_01cfbc9a27523a909ef4.graph.json"}, "epoch": 44, "_timestamp": 1668783679.282816, "loss": 34396576.0, "val_loss": 1164927.0, "_runtime": 241.68520402908325, "_step": 44, "best_val_loss": 8209.5595703125, "best_epoch": 1, "_wandb": {"runtime": 241}}