{"graph": {"_type": "graph-file", "sha256": "4cac2b3e73c32716cfae74affab6260a7ff5cd81ffc44289f83280d115a87c36", "size": 1410, "path": "media/graph/graph_summary_4cac2b3e73c32716cfae.graph.json"}, "epoch": 37, "_timestamp": 1668786510.245691, "loss": 7966.8525390625, "val_loss": 5578.83984375, "_runtime": 76.98275113105774, "_step": 37, "best_val_loss": 0.7668461203575134, "best_epoch": 1, "_wandb": {"runtime": 76}}