{"graph": {"_type": "graph-file", "sha256": "b217033e9665e623a99ab2899d502e8af9eff8dab1efe7abe1b10e03505ae22d", "size": 1413, "path": "media/graph/graph_summary_b217033e9665e623a99a.graph.json"}, "epoch": 94, "_timestamp": 1668669233.746706, "loss": 35735.77734375, "val_loss": 484214.78125, "_runtime": 518.9943399429321, "_step": 94, "best_val_loss": 0.8187105059623718, "best_epoch": 0, "_wandb": {"runtime": 518}}