{"graph": {"_type": "graph-file", "sha256": "6f660bcb263ffdf2ed29f224c50a4201261c3f7b2b9a2d6ad9eefa03af324eb0", "size": 1412, "path": "media/graph/graph_summary_6f660bcb263ffdf2ed29.graph.json"}, "epoch": 83, "_timestamp": 1668665025.0584183, "loss": 122.77425384521484, "val_loss": 57.84225845336914, "_runtime": 255.69832825660706, "_step": 83, "best_val_loss": 0.8838503360748291, "best_epoch": 6, "_wandb": {"runtime": 255}}