{"graph": {"_type": "graph-file", "sha256": "a16ba8fb60cd02a4a302feaab9baa900587831cf906951238c49bca6499db109", "size": 1413, "path": "media/graph/graph_summary_a16ba8fb60cd02a4a302.graph.json"}, "epoch": 32, "_timestamp": 1668782257.4773216, "loss": 7090064.0, "val_loss": 2727365.25, "_runtime": 113.44115853309631, "_step": 32, "best_val_loss": 8.692472457885742, "best_epoch": 0, "_wandb": {"runtime": 112}}