{"graph": {"_type": "graph-file", "sha256": "6510bd48f7c0a93650ee1ae039fc24365c6dbeed6687dee9d3daec0f1f5db73a", "size": 1414, "path": "media/graph/graph_summary_6510bd48f7c0a93650ee.graph.json"}, "epoch": 29, "_timestamp": 1668677061.688905, "loss": 0.7533437013626099, "val_loss": 0.9248279929161072, "_runtime": 84.50743198394775, "_step": 29, "best_val_loss": 0.6899474263191223, "best_epoch": 23, "_wandb": {"runtime": 84}}