{"graph": {"_type": "graph-file", "sha256": "6ed698eeb369310723474bf0cd1eb7244fa867814bb3c54db07ffc778439ed20", "size": 1413, "path": "media/graph/graph_summary_6ed698eeb36931072347.graph.json"}, "epoch": 69, "_timestamp": 1668785660.2980278, "loss": 137.7932586669922, "val_loss": 83.340087890625, "_runtime": 178.20470666885376, "_step": 69, "best_val_loss": 0.8898601531982422, "best_epoch": 2, "_wandb": {"runtime": 177}}