{"graph": {"_type": "graph-file", "sha256": "c13a5f6c470e753961ac9a6abb9a23922c63bff6f44c82dbd8ac10d4477c1714", "size": 1409, "path": "media/graph/graph_summary_c13a5f6c470e753961ac.graph.json"}, "epoch": 37, "_timestamp": 1668680212.9904778, "loss": 481677.3125, "val_loss": 156733.046875, "_runtime": 107.83710479736328, "_step": 37, "best_val_loss": 0.8146806955337524, "best_epoch": 1, "_wandb": {"runtime": 107}}