{"graph": {"_type": "graph-file", "sha256": "9a712c4dc70c2c54b060a32dcf0dad333d39c431763840b15df0fc77bf4e2eff", "size": 1412, "path": "media/graph/graph_summary_9a712c4dc70c2c54b060.graph.json"}, "epoch": 44, "_timestamp": 1668684888.338871, "loss": 14869.6953125, "val_loss": 128.29074096679688, "_runtime": 136.7692310810089, "_step": 44, "best_val_loss": 0.7654876112937927, "best_epoch": 1, "_wandb": {"runtime": 136}}