{"graph": {"_type": "graph-file", "sha256": "d1946e6cc2ab5350a9e633030d531aa05b7f3bc84e6042d0a12aa7a72d7ccc70", "size": 1413, "path": "media/graph/graph_summary_d1946e6cc2ab5350a9e6.graph.json"}, "epoch": 37, "_timestamp": 1668777323.443157, "loss": 3005828.75, "val_loss": 1629813.125, "_runtime": 131.0757019519806, "_step": 37, "best_val_loss": 0.9342865943908691, "best_epoch": 2, "_wandb": {"runtime": 130}}