{"graph": {"_type": "graph-file", "sha256": "4e0ca3a3c09dcd3bd95ed5fe60d2238c4e9c7f51cfb65cbf629ce7c2cdd8ca9a", "size": 1414, "path": "media/graph/graph_summary_4e0ca3a3c09dcd3bd95e.graph.json"}, "epoch": 37, "_timestamp": 1668795618.305632, "loss": 8.484634399414062, "val_loss": 1.9275473356246948, "_runtime": 210.13780522346497, "_step": 37, "best_val_loss": 0.8144494295120239, "best_epoch": 27, "_wandb": {"runtime": 209}}