{"graph": {"_type": "graph-file", "sha256": "01a13cecfdd1185a71a6d4d5bddad620d4dd171aa0ae3c373bc129abd21c3fe7", "size": 1411, "path": "media/graph/graph_summary_01a13cecfdd1185a71a6.graph.json"}, "epoch": 49, "_timestamp": 1668779635.2873266, "loss": 3363.79638671875, "val_loss": 1208.259765625, "_runtime": 121.37396454811096, "_step": 49, "best_val_loss": 0.7409100532531738, "best_epoch": 1, "_wandb": {"runtime": 120}}