{"graph": {"_type": "graph-file", "sha256": "153908fa16cae8426ddaa120405e6853597e6d35ac714b217fead8db2cdca043", "size": 1414, "path": "media/graph/graph_summary_153908fa16cae8426dda.graph.json"}, "epoch": 91, "_timestamp": 1668793607.5975623, "loss": 15143940.0, "val_loss": 5606873.0, "_runtime": 321.3168272972107, "_step": 91, "best_val_loss": 0.9861168265342712, "best_epoch": 1, "_wandb": {"runtime": 320}}