{"graph": {"_type": "graph-file", "sha256": "18df91d2aa7a3a56d6dbbf1f7a707cefedb588a5f9a05955c3f8778c9df81106", "size": 1412, "path": "media/graph/graph_summary_18df91d2aa7a3a56d6db.graph.json"}, "epoch": 67, "_timestamp": 1668678450.2701483, "loss": 62942.62109375, "val_loss": 15931.8486328125, "_runtime": 230.56157326698303, "_step": 67, "best_val_loss": 0.7489864230155945, "best_epoch": 2, "_wandb": {"runtime": 230}}