{"graph": {"_type": "graph-file", "sha256": "1337dfdf5d0f3be792b0e4fc7b7f281ce4c3e56d36b86b6db2814f8f2096ab01", "size": 1410, "path": "media/graph/graph_summary_1337dfdf5d0f3be792b0.graph.json"}, "epoch": 82, "_timestamp": 1668778063.6757586, "loss": 1725.914306640625, "val_loss": 12.127243995666504, "_runtime": 426.1151707172394, "_step": 82, "best_val_loss": 0.9460638761520386, "best_epoch": 8, "_wandb": {"runtime": 425}}