{"graph": {"_type": "graph-file", "sha256": "a1dcad69175630465bcdc4739a5cdaf6f7dcde28be16fc125b025194fa60385a", "size": 1412, "path": "media/graph/graph_summary_a1dcad69175630465bcd.graph.json"}, "epoch": 90, "_timestamp": 1668668113.9701188, "loss": 0.6313142776489258, "val_loss": 0.6632241606712341, "_runtime": 481.48557686805725, "_step": 90, "best_val_loss": 0.6340068578720093, "best_epoch": 75, "_wandb": {"runtime": 481}}