{"graph": {"_type": "graph-file", "sha256": "0559c69ab6b2c7db9671ed4b80a3e05d1448d3b2c9b2600c46ae25ca52700768", "size": 1410, "path": "media/graph/graph_summary_0559c69ab6b2c7db9671.graph.json"}, "epoch": 57, "_timestamp": 1668664321.4392047, "loss": 597661.5, "val_loss": 211596.796875, "_runtime": 111.99700260162354, "_step": 57, "best_val_loss": 1.017591118812561, "best_epoch": 3, "_wandb": {"runtime": 111}}