{"graph": {"_type": "graph-file", "sha256": "d3401b1602b44a9b893f1244c05b924c94e690c605931d1c424ef59a6ac108dd", "size": 1412, "path": "media/graph/graph_summary_d3401b1602b44a9b893f.graph.json"}, "epoch": 32, "_timestamp": 1668785473.6742425, "loss": 972525.0625, "val_loss": 457959.78125, "_runtime": 120.58772349357605, "_step": 32, "best_val_loss": 1.437057614326477, "best_epoch": 0, "_wandb": {"runtime": 120}}