{"graph": {"_type": "graph-file", "sha256": "a348342a9d4d52dafab2e4d0c70ab2cf8e641cf8cad3a6bba4e3a22b0554fa9b", "size": 1413, "path": "media/graph/graph_summary_a348342a9d4d52dafab2.graph.json"}, "epoch": 37, "_timestamp": 1668792115.6118197, "loss": 0.6531526446342468, "val_loss": 0.679760217666626, "_runtime": 143.4108748435974, "_step": 37, "best_val_loss": 0.6524291634559631, "best_epoch": 30, "_wandb": {"runtime": 142}}