{"graph": {"_type": "graph-file", "sha256": "a730bb60307066093008a82ddd23200cbe8fd188750b59bd8054eb961d785419", "size": 1412, "path": "media/graph/graph_summary_a730bb60307066093008.graph.json"}, "epoch": 87, "_timestamp": 1668665930.0698552, "loss": 5012.64794921875, "val_loss": 55.009857177734375, "_runtime": 287.7459361553192, "_step": 87, "best_val_loss": 0.8745866417884827, "best_epoch": 0, "_wandb": {"runtime": 287}}