{"graph": {"_type": "graph-file", "sha256": "52b0c4efe630e07c7e16cd6572b5f38ef599d35e959262238fab18f8ab3d888f", "size": 1412, "path": "media/graph/graph_summary_52b0c4efe630e07c7e16.graph.json"}, "epoch": 52, "_timestamp": 1668776444.7922, "loss": 22842124.0, "val_loss": 1643485.375, "_runtime": 176.79018712043762, "_step": 52, "best_val_loss": 0.7987228631973267, "best_epoch": 0, "_wandb": {"runtime": 176}}