{"graph": {"_type": "graph-file", "sha256": "a0b289eb9fe8ca2a21993f44f595a4c28db477da36d883ed08e5e49cdefd40b1", "size": 1414, "path": "media/graph/graph_summary_a0b289eb9fe8ca2a2199.graph.json"}, "epoch": 94, "_timestamp": 1668796142.9687562, "loss": 22047376.0, "val_loss": 7456537.5, "_runtime": 519.0662271976471, "_step": 94, "best_val_loss": 0.9314479827880859, "best_epoch": 1, "_wandb": {"runtime": 518}}