{"graph": {"_type": "graph-file", "sha256": "ec4b74f9db73ec52d8a8492e2d21819d77c3c6464416c2f11f99778f25721d82", "size": 1412, "path": "media/graph/graph_summary_ec4b74f9db73ec52d8a8.graph.json"}, "epoch": 78, "_timestamp": 1668780915.3369527, "loss": 1987.1591796875, "val_loss": 15.05105972290039, "_runtime": 246.96783661842346, "_step": 78, "best_val_loss": 0.8473817110061646, "best_epoch": 26, "_wandb": {"runtime": 245}}