{"graph": {"_type": "graph-file", "sha256": "2b130b7e936ad409bc965b29ee72b7ff33b483638b7cf1582c2a2bac704de7a6", "size": 1411, "path": "media/graph/graph_summary_2b130b7e936ad409bc96.graph.json"}, "epoch": 61, "_timestamp": 1668778816.1070075, "loss": 0.7335678935050964, "val_loss": 0.7046374678611755, "_runtime": 195.37169551849365, "_step": 61, "best_val_loss": 0.6783100366592407, "best_epoch": 36, "_wandb": {"runtime": 194}}