{"graph": {"_type": "graph-file", "sha256": "9133f3a25dd5ce479e01f6da19904d7a665739053b22d26c4edfe8bf5b510363", "size": 1413, "path": "media/graph/graph_summary_9133f3a25dd5ce479e01.graph.json"}, "epoch": 77, "_timestamp": 1668671487.5809522, "loss": 59066.08984375, "val_loss": 15184.08984375, "_runtime": 459.9062042236328, "_step": 77, "best_val_loss": 0.7888646125793457, "best_epoch": 0, "_wandb": {"runtime": 459}}