{"graph": {"_type": "graph-file", "sha256": "23322be81b5905b776526f686f00f5a4b79bdd07ca612a0bcba2c394201a42bd", "size": 1412, "path": "media/graph/graph_summary_23322be81b5905b77652.graph.json"}, "epoch": 28, "_timestamp": 1668684595.0086973, "loss": 63.119972229003906, "val_loss": 0.9804351925849915, "_runtime": 156.97330927848816, "_step": 28, "best_val_loss": 0.7382991909980774, "best_epoch": 18, "_wandb": {"runtime": 156}}