{"graph": {"_type": "graph-file", "sha256": "d3a5e182a42d18db52b69916f5e2b9057211f5eacee1bd0460c66d854ba5d647", "size": 1414, "path": "media/graph/graph_summary_d3a5e182a42d18db52b6.graph.json"}, "epoch": 86, "_timestamp": 1668786271.8025281, "loss": 16960394.0, "val_loss": 509241.15625, "_runtime": 482.5429172515869, "_step": 86, "best_val_loss": 0.8288838863372803, "best_epoch": 0, "_wandb": {"runtime": 482}}