{"graph": {"_type": "graph-file", "sha256": "c2ee56d472ff35b785457ac6a5dded9ef546e2074d74f942dc9b6eb1effdbf21", "size": 1413, "path": "media/graph/graph_summary_c2ee56d472ff35b78545.graph.json"}, "epoch": 80, "_timestamp": 1668676377.3296783, "loss": 0.6723943948745728, "val_loss": 0.701156497001648, "_runtime": 175.08157539367676, "_step": 80, "best_val_loss": 0.6424675583839417, "best_epoch": 73, "_wandb": {"runtime": 174}}