{"graph": {"_type": "graph-file", "sha256": "b55608e075b08548db05f3d617cc70e711b03c614696d7be5117519cf6ed5ea7", "size": 1413, "path": "media/graph/graph_summary_b55608e075b08548db05.graph.json"}, "epoch": 40, "_timestamp": 1668668351.7411945, "loss": 1255145.25, "val_loss": 497551.65625, "_runtime": 101.16241359710693, "_step": 40, "best_val_loss": 1.0805778503417969, "best_epoch": 2, "_wandb": {"runtime": 100}}