{"graph": {"_type": "graph-file", "sha256": "272339c995dc714907478b146fd83f424e9e87b8c2dcc590391a760ae961ad81", "size": 1408, "path": "media/graph/graph_summary_272339c995dc71490747.graph.json"}, "epoch": 99, "_timestamp": 1668679235.0623431, "loss": 3973.809814453125, "val_loss": 1897.18505859375, "_runtime": 227.66277623176575, "_step": 99, "best_val_loss": 0.7394867539405823, "best_epoch": 0, "_wandb": {"runtime": 222}}