{"graph": {"_type": "graph-file", "sha256": "c7eb90abeb984a94b3dc26c909ceee187c789ccf38cad227f68a80967ac59f6f", "size": 1411, "path": "media/graph/graph_summary_c7eb90abeb984a94b3dc.graph.json"}, "epoch": 99, "_timestamp": 1668780310.4309547, "loss": 327601.96875, "val_loss": 138790.609375, "_runtime": 247.26468563079834, "_step": 99, "best_val_loss": 1.1612833738327026, "best_epoch": 3, "_wandb": {"runtime": 246}}