{"graph": {"_type": "graph-file", "sha256": "4c6fa4e55e2e814c8322f777682528da04366e5bc70577817e3f29f03ee88a0d", "size": 1412, "path": "media/graph/graph_summary_4c6fa4e55e2e814c8322.graph.json"}, "epoch": 64, "_timestamp": 1668681229.6946228, "loss": 11800.9287109375, "val_loss": 366.1764221191406, "_runtime": 214.70908069610596, "_step": 64, "best_val_loss": 0.9297396540641785, "best_epoch": 0, "_wandb": {"runtime": 214}}