{"graph": {"_type": "graph-file", "sha256": "144b288f3a355342d1df1d3cdf36368949421dd776364d212c0dd1c37dee5261", "size": 1414, "path": "media/graph/graph_summary_144b288f3a355342d1df.graph.json"}, "epoch": 49, "_timestamp": 1668785336.7968392, "loss": 179649.921875, "val_loss": 69296.0625, "_runtime": 137.4152011871338, "_step": 49, "best_val_loss": 0.7398679852485657, "best_epoch": 5, "_wandb": {"runtime": 137}}