{"graph": {"_type": "graph-file", "sha256": "d646e78d2eb2aca814edab8ccba4a4565d505157f201cd1a947b2e445f32888f", "size": 1414, "path": "media/graph/graph_summary_d646e78d2eb2aca814ed.graph.json"}, "epoch": 81, "_timestamp": 1668664191.9895427, "loss": 287323.59375, "val_loss": 161021.953125, "_runtime": 264.2150766849518, "_step": 81, "best_val_loss": 0.9624837040901184, "best_epoch": 1, "_wandb": {"runtime": 263}}