{"graph": {"_type": "graph-file", "sha256": "503def50fb52e18698208ddc56c8501d52ba37197744a7678eb61915a1dd74e2", "size": 1413, "path": "media/graph/graph_summary_503def50fb52e1869820.graph.json"}, "epoch": 73, "_timestamp": 1668674805.9711156, "loss": 109816768.0, "val_loss": 1380798.5, "_runtime": 395.4165766239166, "_step": 73, "best_val_loss": 1.4160997867584229, "best_epoch": 0, "_wandb": {"runtime": 394}}