{"graph": {"_type": "graph-file", "sha256": "f1186532dfad2b09cdcf62ee4fbbcbced97097514224b40ec9909544173bf7a2", "size": 1412, "path": "media/graph/graph_summary_f1186532dfad2b09cdcf.graph.json"}, "epoch": 41, "_timestamp": 1668680094.3938606, "loss": 0.6712440252304077, "val_loss": 0.7108387351036072, "_runtime": 151.22166061401367, "_step": 41, "best_val_loss": 0.6540303230285645, "best_epoch": 39, "_wandb": {"runtime": 150}}