{"graph": {"_type": "graph-file", "sha256": "55b758ca76ee1d06a0bf15f18e0d79f2d9a0b3486b5e7281fb47ed551521fd80", "size": 1414, "path": "media/graph/graph_summary_55b758ca76ee1d06a0bf.graph.json"}, "epoch": 58, "_timestamp": 1668674401.8344843, "loss": 27.39497184753418, "val_loss": 12.145044326782227, "_runtime": 155.65677642822266, "_step": 58, "best_val_loss": 0.8163818717002869, "best_epoch": 0, "_wandb": {"runtime": 155}}