{"graph": {"_type": "graph-file", "sha256": "8752aa42d4df3b0ae5b1ecbd87677fd24c3cb3c93e4bf738404ff15d56a518c2", "size": 1414, "path": "media/graph/graph_summary_8752aa42d4df3b0ae5b1.graph.json"}, "epoch": 81, "_timestamp": 1668673332.9777606, "loss": 19882.015625, "val_loss": 10132.298828125, "_runtime": 271.2233934402466, "_step": 81, "best_val_loss": 0.7970760464668274, "best_epoch": 0, "_wandb": {"runtime": 270}}