{"graph": {"_type": "graph-file", "sha256": "6ff455400fab531e1029bfc149354ef12870679152874ee1b774cc14792c5925", "size": 1412, "path": "media/graph/graph_summary_6ff455400fab531e1029.graph.json"}, "epoch": 83, "_timestamp": 1668683135.1626291, "loss": 116871.90625, "val_loss": 13745.412109375, "_runtime": 433.5942370891571, "_step": 83, "best_val_loss": 0.7988108396530151, "best_epoch": 0, "_wandb": {"runtime": 433}}