{"graph": {"_type": "graph-file", "sha256": "84ef86e495722df3bcc22f920d14b4145cfe411a25fe54efa6c21d27e18229d2", "size": 1409, "path": "media/graph/graph_summary_84ef86e495722df3bcc2.graph.json"}, "epoch": 30, "_timestamp": 1668787043.4603891, "loss": 13472932.0, "val_loss": 14964576.0, "_runtime": 81.61217403411865, "_step": 30, "best_val_loss": 0.7406386137008667, "best_epoch": 5, "_wandb": {"runtime": 70}}