{"graph": {"_type": "graph-file", "sha256": "76d889205f4e7fbad1dcb4a789c94f76b64f8d2bbcc7a6813ee548cc722cd8af", "size": 1412, "path": "media/graph/graph_summary_76d889205f4e7fbad1dc.graph.json"}, "epoch": 89, "_timestamp": 1668686028.1676624, "loss": 435680192.0, "val_loss": 9569421.0, "_runtime": 468.79639530181885, "_step": 89, "best_val_loss": 78532.453125, "best_epoch": 28, "_wandb": {"runtime": 468}}