{"graph": {"_type": "graph-file", "sha256": "692477fbe88a16d74fb950fb629d07664e2b38e750a72f535def8c40502e3275", "size": 1409, "path": "media/graph/graph_summary_692477fbe88a16d74fb9.graph.json"}, "epoch": 68, "_timestamp": 1668791729.5748928, "loss": 6324.7705078125, "val_loss": 79.2925033569336, "_runtime": 151.92127585411072, "_step": 68, "best_val_loss": 0.683539092540741, "best_epoch": 9, "_wandb": {"runtime": 151}}