{"graph": {"_type": "graph-file", "sha256": "dcba9d4515f3015cd39d6d9379de655b2d99cb2ebe778726fa1ff200546128f8", "size": 1412, "path": "media/graph/graph_summary_dcba9d4515f3015cd39d.graph.json"}, "epoch": 88, "_timestamp": 1668787874.7524073, "loss": 155602.140625, "val_loss": 90796.1640625, "_runtime": 208.14094233512878, "_step": 88, "best_val_loss": 0.7678227424621582, "best_epoch": 2, "_wandb": {"runtime": 207}}