{"graph": {"_type": "graph-file", "sha256": "71f17caab7d19add928c322353d81afd16e774533135b7e032a6c38be6147d9b", "size": 1414, "path": "media/graph/graph_summary_71f17caab7d19add928c.graph.json"}, "epoch": 62, "_timestamp": 1668780056.659023, "loss": 182762.859375, "val_loss": 6911.7138671875, "_runtime": 214.6898181438446, "_step": 62, "best_val_loss": 0.901322066783905, "best_epoch": 0, "_wandb": {"runtime": 214}}