{"graph": {"_type": "graph-file", "sha256": "3f997b1947a939c818492ccfa7ad99a2a8318819b7452725de8bc534d95ab0a5", "size": 1414, "path": "media/graph/graph_summary_3f997b1947a939c81849.graph.json"}, "epoch": 98, "_timestamp": 1668794124.3537805, "loss": 122493.5703125, "val_loss": 38749.27734375, "_runtime": 397.64697456359863, "_step": 98, "best_val_loss": 0.7969531416893005, "best_epoch": 1, "_wandb": {"runtime": 396}}