{"graph": {"_type": "graph-file", "sha256": "5d01f834d67cd5df9a211ef840830ad84f1b72de996809338ac6fcd9c6535b32", "size": 1412, "path": "media/graph/graph_summary_5d01f834d67cd5df9a21.graph.json"}, "epoch": 78, "_timestamp": 1668683311.9889438, "loss": 81.97688293457031, "val_loss": 29.989185333251953, "_runtime": 167.3354847431183, "_step": 78, "best_val_loss": 0.7883756160736084, "best_epoch": 2, "_wandb": {"runtime": 166}}