{"graph": {"_type": "graph-file", "sha256": "7a78d8b22dc5770f2c5ad965a5babe9107d4c55d9b2cebc2e07d2b62e39469a6", "size": 1411, "path": "media/graph/graph_summary_7a78d8b22dc5770f2c5a.graph.json"}, "epoch": 41, "_timestamp": 1668681860.0049021, "loss": 50625.01171875, "val_loss": 36274.9765625, "_runtime": 141.56574606895447, "_step": 41, "best_val_loss": 0.8426302671432495, "best_epoch": 2, "_wandb": {"runtime": 141}}