{"graph": {"_type": "graph-file", "sha256": "2a0446a4b0231425a7204caf572b5fe4bdcd9d6d04e17c9c2930609586a84a02", "size": 1414, "path": "media/graph/graph_summary_2a0446a4b0231425a720.graph.json"}, "epoch": 97, "_timestamp": 1668686717.3381827, "loss": 267143.125, "val_loss": 3998.36083984375, "_runtime": 592.6786766052246, "_step": 97, "best_val_loss": 0.8380410075187683, "best_epoch": 0, "_wandb": {"runtime": 592}}