{"graph": {"_type": "graph-file", "sha256": "79b96d71728f154a771dfa8554ffffeef922a8bf55939229df88b2f3c7a02712", "size": 1413, "path": "media/graph/graph_summary_79b96d71728f154a771d.graph.json"}, "epoch": 34, "_timestamp": 1668678208.2776895, "loss": 13222.46875, "val_loss": 4781.9658203125, "_runtime": 87.95298051834106, "_step": 34, "best_val_loss": 0.73826664686203, "best_epoch": 1, "_wandb": {"runtime": 87}}