{"graph": {"_type": "graph-file", "sha256": "74d8694d7d40e38fadf28186eca6513b90ecf1cd87a4fdd297267ded60d9c00c", "size": 1412, "path": "media/graph/graph_summary_74d8694d7d40e38fadf2.graph.json"}, "epoch": 22, "_timestamp": 1668675900.332508, "loss": 566434.125, "val_loss": 110172.8828125, "_runtime": 116.04806399345398, "_step": 22, "best_val_loss": 0.9466081857681274, "best_epoch": 0, "_wandb": {"runtime": 115}}