{"graph": {"_type": "graph-file", "sha256": "88b5cdacec5b28431fe9da7daf9f307e2611c95cbb0650e9abcd14dcfb917232", "size": 1411, "path": "media/graph/graph_summary_88b5cdacec5b28431fe9.graph.json"}, "epoch": 76, "_timestamp": 1668776261.3004806, "loss": 582764.5, "val_loss": 20049.34375, "_runtime": 260.0403296947479, "_step": 76, "best_val_loss": 0.8683578968048096, "best_epoch": 0, "_wandb": {"runtime": 259}}