{"graph": {"_type": "graph-file", "sha256": "2cdef864bd5968aa046f6a94fbd32a5cc7d0b51e8e774aa2165fa110dfd56e31", "size": 1409, "path": "media/graph/graph_summary_2cdef864bd5968aa046f.graph.json"}, "epoch": 81, "_timestamp": 1668779503.0877635, "loss": 1160.914306640625, "val_loss": 555.017822265625, "_runtime": 142.74492049217224, "_step": 81, "best_val_loss": 0.8523258566856384, "best_epoch": 0, "_wandb": {"runtime": 142}}