{"graph": {"_type": "graph-file", "sha256": "4de53dde1b0100fa459ad281ffc49a4291992d613af6efc7628631c05046d7c2", "size": 1411, "path": "media/graph/graph_summary_4de53dde1b0100fa459a.graph.json"}, "epoch": 53, "_timestamp": 1668793719.875148, "loss": 231755.71875, "val_loss": 88859.9765625, "_runtime": 105.7722020149231, "_step": 53, "best_val_loss": 0.9028858542442322, "best_epoch": 2, "_wandb": {"runtime": 105}}