{"graph": {"_type": "graph-file", "sha256": "f636588d28c46f40f46a2471bb4f3ab2c4b8562269c3c619cfa1439126d5bcd7", "size": 1413, "path": "media/graph/graph_summary_f636588d28c46f40f46a.graph.json"}, "epoch": 36, "_timestamp": 1668776551.8632941, "loss": 3731.654052734375, "val_loss": 2946.16796875, "_runtime": 99.01268720626831, "_step": 36, "best_val_loss": 0.7655743360519409, "best_epoch": 0, "_wandb": {"runtime": 98}}