{"graph": {"_type": "graph-file", "sha256": "e48a35eb7d9b35d507462e9649b36b8ffbb6bffef78e4087c48da22b2f3da240", "size": 1412, "path": "media/graph/graph_summary_e48a35eb7d9b35d50746.graph.json"}, "epoch": 76, "_timestamp": 1668792710.3427536, "loss": 152182.1875, "val_loss": 58050.66015625, "_runtime": 203.4986937046051, "_step": 76, "best_val_loss": 0.8094625473022461, "best_epoch": 1, "_wandb": {"runtime": 203}}