{"graph": {"_type": "graph-file", "sha256": "a2ea9722521695a0459bbb76a9f69d811f69cc6930dc78a6582bff40000ca2a3", "size": 1414, "path": "media/graph/graph_summary_a2ea9722521695a0459b.graph.json"}, "epoch": 53, "_timestamp": 1668681004.1018364, "loss": 7374954.5, "val_loss": 2374560.75, "_runtime": 158.56418752670288, "_step": 53, "best_val_loss": 0.892629861831665, "best_epoch": 2, "_wandb": {"runtime": 157}}