{"graph": {"_type": "graph-file", "sha256": "54e5fbda55512dc6dcc474e269bee7afd21683fdde38c39b4288d7ddc53e6ddc", "size": 1411, "path": "media/graph/graph_summary_54e5fbda55512dc6dcc4.graph.json"}, "epoch": 66, "_timestamp": 1668782620.2013776, "loss": 0.6726403832435608, "val_loss": 0.6719381213188171, "_runtime": 352.55704951286316, "_step": 66, "best_val_loss": 0.6476202607154846, "best_epoch": 56, "_wandb": {"runtime": 351}}