{"graph": {"_type": "graph-file", "sha256": "6f299d344ce796b4dd7e04c0295a4f44cc7b06021da4d09c4c491961ddbc0a97", "size": 1414, "path": "media/graph/graph_summary_6f299d344ce796b4dd7e.graph.json"}, "epoch": 55, "_timestamp": 1668675600.8076866, "loss": 327626.71875, "val_loss": 176310.90625, "_runtime": 159.88051962852478, "_step": 55, "best_val_loss": 0.7741996049880981, "best_epoch": 2, "_wandb": {"runtime": 159}}