{"graph": {"_type": "graph-file", "sha256": "47d02b463e8da031d0319a87ce7d8d3e920e1647392d50c0e20923b8df6dc197", "size": 1414, "path": "media/graph/graph_summary_47d02b463e8da031d031.graph.json"}, "epoch": 78, "_timestamp": 1668670095.674915, "loss": 44985544.0, "val_loss": 179665.96875, "_runtime": 238.89941596984863, "_step": 78, "best_val_loss": 0.7428154945373535, "best_epoch": 4, "_wandb": {"runtime": 238}}