{"graph": {"_type": "graph-file", "sha256": "7473f6d62c474efb1305344a55200946d2eb323a1b3c7126c9852198e46ac5e8", "size": 1414, "path": "media/graph/graph_summary_7473f6d62c474efb1305.graph.json"}, "epoch": 55, "_timestamp": 1668775991.636637, "loss": 1266029312.0, "val_loss": 31049930.0, "_runtime": 313.7502670288086, "_step": 55, "best_val_loss": 1.2212270498275757, "best_epoch": 0, "_wandb": {"runtime": 313}}