{"graph": {"_type": "graph-file", "sha256": "7473f6d62c474efb1305344a55200946d2eb323a1b3c7126c9852198e46ac5e8", "size": 1414, "path": "media/graph/graph_summary_7473f6d62c474efb1305.graph.json"}, "epoch": 44, "_timestamp": 1668775931.381593, "loss": 2297540096.0, "val_loss": 11871776.0, "_runtime": 253.49522304534912, "_step": 44, "best_val_loss": 1.2212270498275757, "best_epoch": 0}