{"graph": {"_type": "graph-file", "sha256": "5d379291102e834f8f0a12501091533e60567d7d8f92ec544221a9bfb7ba4dba", "size": 1414, "path": "media/graph/graph_summary_5d379291102e834f8f0a.graph.json"}, "epoch": 34, "_timestamp": 1668797764.239681, "loss": 20590468.0, "val_loss": 7546601.5, "_runtime": 129.88401007652283, "_step": 34, "best_val_loss": 8.007376670837402, "best_epoch": 1, "_wandb": {"runtime": 129}}