{"graph": {"_type": "graph-file", "sha256": "3105337fe9668f6bfed0462524a93e23db7d1ebc25abbce021a74079a105dc4d", "size": 1410, "path": "media/graph/graph_summary_3105337fe9668f6bfed0.graph.json"}, "epoch": 84, "_timestamp": 1668676770.1476388, "loss": 1145052.375, "val_loss": 1616995.25, "_runtime": 155.96345376968384, "_step": 84, "best_val_loss": 0.782448410987854, "best_epoch": 4, "_wandb": {"runtime": 155}}