{"graph": {"_type": "graph-file", "sha256": "bd4d26d878ffebbe26b24a4379ee340f052315aaa5ac5771be612addeac56fdc", "size": 1413, "path": "media/graph/graph_summary_bd4d26d878ffebbe26b2.graph.json"}, "epoch": 57, "_timestamp": 1668682205.1280413, "loss": 20064540.0, "val_loss": 271174.8125, "_runtime": 337.77531719207764, "_step": 57, "best_val_loss": 0.8156404495239258, "best_epoch": 0, "_wandb": {"runtime": 337}}