{"graph": {"_type": "graph-file", "sha256": "604e09b9bb2e8a3e04d5b5bb4b929d244d19fc99f5dc36de24bb9cde1e907b7b", "size": 1412, "path": "media/graph/graph_summary_604e09b9bb2e8a3e04d5.graph.json"}, "epoch": 93, "_timestamp": 1668785096.2140741, "loss": 102.3386459350586, "val_loss": 11.9520845413208, "_runtime": 323.6118221282959, "_step": 93, "best_val_loss": 0.7280911207199097, "best_epoch": 18, "_wandb": {"runtime": 323}}