{"graph": {"_type": "graph-file", "sha256": "ed00b938a5430b33c57246256de47e402d621ae08ad7f45e76c78484c064e696", "size": 1411, "path": "media/graph/graph_summary_ed00b938a5430b33c572.graph.json"}, "epoch": 96, "_timestamp": 1668672187.7425635, "loss": 116605.3984375, "val_loss": 310.8226623535156, "_runtime": 516.4491095542908, "_step": 96, "best_val_loss": 0.9491652250289917, "best_epoch": 0, "_wandb": {"runtime": 516}}