{"graph": {"_type": "graph-file", "sha256": "7db5c676fc6044876f772730f5342eb83fea02e86180583f6b40b16cb12b3d1b", "size": 1414, "path": "media/graph/graph_summary_7db5c676fc6044876f77.graph.json"}, "epoch": 35, "_timestamp": 1668681710.5062711, "loss": 1009.0850830078125, "val_loss": 868.1661376953125, "_runtime": 100.18782901763916, "_step": 35, "best_val_loss": 0.7420981526374817, "best_epoch": 1, "_wandb": {"runtime": 99}}