{"graph": {"_type": "graph-file", "sha256": "128b0701f96d725fb360fd4d6dae8c51c02a75073c695d35e0408b79342abbc3", "size": 1413, "path": "media/graph/graph_summary_128b0701f96d725fb360.graph.json"}, "epoch": 61, "_timestamp": 1668791453.093139, "loss": 264817.375, "val_loss": 122503.1328125, "_runtime": 177.33442401885986, "_step": 61, "best_val_loss": 0.7173255681991577, "best_epoch": 1, "_wandb": {"runtime": 176}}