{"graph": {"_type": "graph-file", "sha256": "6485f85848d1da8822f992b999e0e538ff692edae7c5bd2e3e642e4a1a925bb1", "size": 1413, "path": "media/graph/graph_summary_6485f85848d1da8822f9.graph.json"}, "epoch": 40, "_timestamp": 1668683469.2367947, "loss": 18895.7734375, "val_loss": 19336.3828125, "_runtime": 139.99232077598572, "_step": 40, "best_val_loss": 0.8247104287147522, "best_epoch": 1, "_wandb": {"runtime": 139}}