{"graph": {"_type": "graph-file", "sha256": "44efada93e592b69d3bb2d4b2e1e231186879ad8f3ba9615c3b705117313324e", "size": 1414, "path": "media/graph/graph_summary_44efada93e592b69d3bb.graph.json"}, "epoch": 35, "_timestamp": 1668791006.1526449, "loss": 1663021.0, "val_loss": 414480.59375, "_runtime": 130.62637495994568, "_step": 35, "best_val_loss": 7.805028438568115, "best_epoch": 0, "_wandb": {"runtime": 130}}