{"graph": {"_type": "graph-file", "sha256": "5ab1a9ddda2ab4cd6fdeef3891ad1b7ecc21255f4270f8bc9eee59109bd3154f", "size": 1411, "path": "media/graph/graph_summary_5ab1a9ddda2ab4cd6fde.graph.json"}, "epoch": 72, "_timestamp": 1668681603.729044, "loss": 118568.578125, "val_loss": 23706.056640625, "_runtime": 367.9917240142822, "_step": 72, "best_val_loss": 0.8262709975242615, "best_epoch": 0, "_wandb": {"runtime": 367}}