{"graph": {"_type": "graph-file", "sha256": "060c54526a61b7b23a1e83fae734cc84c13abd2f4d001d789585f392bf7ace00", "size": 1413, "path": "media/graph/graph_summary_060c54526a61b7b23a1e.graph.json"}, "epoch": 64, "_timestamp": 1668778305.9958005, "loss": 75.591552734375, "val_loss": 55.00414276123047, "_runtime": 233.7052354812622, "_step": 64, "best_val_loss": 0.8260235786437988, "best_epoch": 0, "_wandb": {"runtime": 233}}