{"graph": {"_type": "graph-file", "sha256": "b68c225ea5c06619aae1d7857f06377f071b0ec8b17c7d224868fa039d062380", "size": 1411, "path": "media/graph/graph_summary_b68c225ea5c06619aae1.graph.json"}, "epoch": 79, "_timestamp": 1668676967.467406, "loss": 17701.357421875, "val_loss": 49536.84765625, "_runtime": 190.02110815048218, "_step": 79, "best_val_loss": 0.7866554260253906, "best_epoch": 7, "_wandb": {"runtime": 189}}