{"graph": {"_type": "graph-file", "sha256": "ec04fb522de8ac207986f047bc09c21bb2fb684da971247e7f259bc4aba34ad0", "size": 1414, "path": "media/graph/graph_summary_ec04fb522de8ac207986.graph.json"}, "epoch": 44, "_timestamp": 1668776690.0555084, "loss": 115532.828125, "val_loss": 49413.0546875, "_runtime": 129.44803428649902, "_step": 44, "best_val_loss": 0.9665528535842896, "best_epoch": 0, "_wandb": {"runtime": 129}}