{"graph": {"_type": "graph-file", "sha256": "da07c3d35b0541902f43a74de86aec278c9b4f6252002d638116f98e176ad26f", "size": 1414, "path": "media/graph/graph_summary_da07c3d35b0541902f43.graph.json"}, "epoch": 41, "_timestamp": 1668680362.7998466, "loss": 993478.5, "val_loss": 14498.935546875, "_runtime": 140.00486969947815, "_step": 41, "best_val_loss": 0.7320200800895691, "best_epoch": 1, "_wandb": {"runtime": 139}}