{"graph": {"_type": "graph-file", "sha256": "59618e6abcf22658c2ae0e41135cb5d27ec5bde1770f1a378b99e7a9a6a48914", "size": 1413, "path": "media/graph/graph_summary_59618e6abcf22658c2ae.graph.json"}, "epoch": 52, "_timestamp": 1668788702.9728377, "loss": 7283.57861328125, "val_loss": 3777.89892578125, "_runtime": 151.87115573883057, "_step": 52, "best_val_loss": 0.7332360148429871, "best_epoch": 2, "_wandb": {"runtime": 151}}