{"graph": {"_type": "graph-file", "sha256": "52c49b4300c139afc5b42622a72e61e1d5506dd7ca349862cff63c1b8195960f", "size": 1414, "path": "media/graph/graph_summary_52c49b4300c139afc5b4.graph.json"}, "epoch": 98, "_timestamp": 1668677968.9387767, "loss": 2608.96435546875, "val_loss": 1126.1502685546875, "_runtime": 311.34651470184326, "_step": 98, "best_val_loss": 0.7576618194580078, "best_epoch": 1, "_wandb": {"runtime": 310}}