{"graph": {"_type": "graph-file", "sha256": "9574cdcaa0691d548601c9b3f32051b226b10b214b6fe2a8bb32c0ff880e3ca4", "size": 1410, "path": "media/graph/graph_summary_9574cdcaa0691d548601.graph.json"}, "epoch": 77, "_timestamp": 1668788993.9099307, "loss": 3831771.25, "val_loss": 24431.240234375, "_runtime": 217.03536176681519, "_step": 77, "best_val_loss": 0.846316933631897, "best_epoch": 0, "_wandb": {"runtime": 216}}