{"graph": {"_type": "graph-file", "sha256": "6c51126f044e62e2f0d49e4ef2edf1dd1407d50468db37e18ca95dfbcb30baf5", "size": 1411, "path": "media/graph/graph_summary_6c51126f044e62e2f0d4.graph.json"}, "epoch": 64, "_timestamp": 1668686936.0439725, "loss": 0.7499181628227234, "val_loss": 0.7036558985710144, "_runtime": 210.44460940361023, "_step": 64, "best_val_loss": 0.6808016896247864, "best_epoch": 59, "_wandb": {"runtime": 209}}