{"graph": {"_type": "graph-file", "sha256": "731ecc3b8d12f086b7b284c6d3463a3faa739ae575b99be0143f063071e19cbe", "size": 1414, "path": "media/graph/graph_summary_731ecc3b8d12f086b7b2.graph.json"}, "epoch": 50, "_timestamp": 1668676186.2848127, "loss": 24404.423828125, "val_loss": 17570.830078125, "_runtime": 140.62823867797852, "_step": 50, "best_val_loss": 0.7185986638069153, "best_epoch": 2, "_wandb": {"runtime": 140}}