{"graph": {"_type": "graph-file", "sha256": "61fc0c6d78e67e3884cf019150c4ef4c00ec25405bb21b6552b67afb63d35052", "size": 1413, "path": "media/graph/graph_summary_61fc0c6d78e67e3884cf.graph.json"}, "epoch": 35, "_timestamp": 1668785773.8016646, "loss": 536716960.0, "val_loss": 14247568.0, "_runtime": 101.88363766670227, "_step": 35, "best_val_loss": 0.7819074392318726, "best_epoch": 5, "_wandb": {"runtime": 101}}