{"graph": {"_type": "graph-file", "sha256": "622e9789ed3b10f8a920d3b3972f6c2575b633890ae69fec4047bd4182dbc655", "size": 1413, "path": "media/graph/graph_summary_622e9789ed3b10f8a920.graph.json"}, "epoch": 59, "_timestamp": 1668788540.264548, "loss": 4099760.75, "val_loss": 2263329.75, "_runtime": 231.58096313476562, "_step": 59, "best_val_loss": 2.89953351020813, "best_epoch": 1, "_wandb": {"runtime": 231}}