{"graph": {"_type": "graph-file", "sha256": "b89548711b5558fa29fe456aee54dbd0e58b41a9130459550f0c52ef53366d41", "size": 1414, "path": "media/graph/graph_summary_b89548711b5558fa29fe.graph.json"}, "epoch": 95, "_timestamp": 1668779118.078841, "loss": 0.6878182888031006, "val_loss": 0.7166251540184021, "_runtime": 292.2419629096985, "_step": 95, "best_val_loss": 0.6532669067382812, "best_epoch": 94, "_wandb": {"runtime": 291}}