{"graph": {"_type": "graph-file", "sha256": "73bd3356019fd9b609c7de23a7561c6a8168293ba6b41bde05160cd91342b399", "size": 1412, "path": "media/graph/graph_summary_73bd3356019fd9b609c7.graph.json"}, "epoch": 73, "_timestamp": 1668784605.552363, "loss": 326272.21875, "val_loss": 2680.689453125, "_runtime": 397.9194989204407, "_step": 73, "best_val_loss": 1.0295556783676147, "best_epoch": 0, "_wandb": {"runtime": 397}}