{"graph": {"_type": "graph-file", "sha256": "deb07bf5abe81d0fd33500cf915800d3585ed740e314479e4a526829ca2ae0a6", "size": 1414, "path": "media/graph/graph_summary_deb07bf5abe81d0fd335.graph.json"}, "epoch": 35, "_timestamp": 1668663920.535563, "loss": 78640056.0, "val_loss": 741879.375, "_runtime": 136.34671807289124, "_step": 35, "best_val_loss": 0.8151244521141052, "best_epoch": 3, "_wandb": {"runtime": 135}}