{"graph": {"_type": "graph-file", "sha256": "2d2bac2b88b6aa06350ca3322dc470440ed4dc8a0ef69bf1dacffa57148b126f", "size": 1414, "path": "media/graph/graph_summary_2d2bac2b88b6aa06350c.graph.json"}, "epoch": 54, "_timestamp": 1668796434.4111316, "loss": 1152930304.0, "val_loss": 41660544.0, "_runtime": 282.68718552589417, "_step": 54, "best_val_loss": 335747.09375, "best_epoch": 2, "_wandb": {"runtime": 282}}