{"graph": {"_type": "graph-file", "sha256": "7ab1286aa0a412fca02e2828ec03db3085e349cf672e06aca51ff6dbf82e7be7", "size": 1413, "path": "media/graph/graph_summary_7ab1286aa0a412fca02e.graph.json"}, "epoch": 34, "_timestamp": 1668796681.9421766, "loss": 314555.03125, "val_loss": 295122.40625, "_runtime": 131.29463267326355, "_step": 34, "best_val_loss": 0.9824413061141968, "best_epoch": 2, "_wandb": {"runtime": 130}}