{"graph": {"_type": "graph-file", "sha256": "fb1e72b38f89e30a6012e6ebd35658a27d85ec96c5f0e82716ed869de3d6916e", "size": 1414, "path": "media/graph/graph_summary_fb1e72b38f89e30a6012.graph.json"}, "epoch": 84, "_timestamp": 1668673054.796808, "loss": 1774579.125, "val_loss": 1555760.75, "_runtime": 265.45489597320557, "_step": 84, "best_val_loss": 0.8244113326072693, "best_epoch": 2, "_wandb": {"runtime": 265}}