{"graph": {"_type": "graph-file", "sha256": "30abaa488f86e6c2d13ce81f51d74c89c80d6c01ebe605929d588942bf150f35", "size": 1414, "path": "media/graph/graph_summary_30abaa488f86e6c2d13c.graph.json"}, "epoch": 70, "_timestamp": 1668674233.9151628, "loss": 127625912.0, "val_loss": 787865.6875, "_runtime": 388.4543716907501, "_step": 70, "best_val_loss": 0.8392996788024902, "best_epoch": 1, "_wandb": {"runtime": 388}}