{"graph": {"_type": "graph-file", "sha256": "6bd5bfb6c15c4cfdd85921cd23d1fe45c727b96bf72c544c0f580c64eef2359b", "size": 1413, "path": "media/graph/graph_summary_6bd5bfb6c15c4cfdd859.graph.json"}, "epoch": 20, "_timestamp": 1668670721.9500792, "loss": 15894.0830078125, "val_loss": 9591.8798828125, "_runtime": 54.13037824630737, "_step": 20, "best_val_loss": 0.7488285899162292, "best_epoch": 6, "_wandb": {"runtime": 53}}