{"graph": {"_type": "graph-file", "sha256": "7169cb985a72221a9ec7b680de720b6d253edc6f734fea4c9368ec5b0a60c329", "size": 1413, "path": "media/graph/graph_summary_7169cb985a72221a9ec7.graph.json"}, "epoch": 57, "_timestamp": 1668675434.1021361, "loss": 742262528.0, "val_loss": 12805859.0, "_runtime": 193.6788032054901, "_step": 57, "best_val_loss": 0.780673086643219, "best_epoch": 2, "_wandb": {"runtime": 193}}