{"graph": {"_type": "graph-file", "sha256": "f0ed1dc1599390e919a6c05d4e63a63d61ecb1f35bea2e25219be35218bb55d8", "size": 1412, "path": "media/graph/graph_summary_f0ed1dc1599390e919a6.graph.json"}, "epoch": 86, "_timestamp": 1668680835.7589965, "loss": 821561.9375, "val_loss": 19510.591796875, "_runtime": 463.99681758880615, "_step": 86, "best_val_loss": 0.9485836029052734, "best_epoch": 0, "_wandb": {"runtime": 463}}