{"graph": {"_type": "graph-file", "sha256": "30766ee90f1c33fdb487874b352c6b2efe28ef50b7bb56ba5231aa1b482edf13", "size": 1412, "path": "media/graph/graph_summary_30766ee90f1c33fdb487.graph.json"}, "epoch": 40, "_timestamp": 1668775671.7733839, "loss": 58108.7578125, "val_loss": 25300.185546875, "_runtime": 116.18401575088501, "_step": 40, "best_val_loss": 0.8092646598815918, "best_epoch": 1, "_wandb": {"runtime": 115}}