{"graph": {"_type": "graph-file", "sha256": "7361b142302504da5dd4793c179decbf86358f67f866df30330a38747a581ab2", "size": 1414, "path": "media/graph/graph_summary_7361b142302504da5dd4.graph.json"}, "epoch": 32, "_timestamp": 1668791269.3523138, "loss": 8508.958984375, "val_loss": 3019.950439453125, "_runtime": 112.1673936843872, "_step": 32, "best_val_loss": 0.7528383135795593, "best_epoch": 1, "_wandb": {"runtime": 111}}