{"graph": {"_type": "graph-file", "sha256": "9b44e2faa44ad5df0990caeaafed80ee32463b326fb59805ed5a73d8add18257", "size": 1411, "path": "media/graph/graph_summary_9b44e2faa44ad5df0990.graph.json"}, "epoch": 90, "_timestamp": 1668789195.377371, "loss": 771576.375, "val_loss": 414406.8125, "_runtime": 193.09239315986633, "_step": 90, "best_val_loss": 0.7597141265869141, "best_epoch": 3, "_wandb": {"runtime": 192}}