{"graph": {"_type": "graph-file", "sha256": "f57ff11f4b4ca863530b3fec3c8907ef34a9adb35c124da2d45b45cf21974fc6", "size": 1413, "path": "media/graph/graph_summary_f57ff11f4b4ca863530b.graph.json"}, "epoch": 72, "_timestamp": 1668675776.0698812, "loss": 158568.25, "val_loss": 4307.22412109375, "_runtime": 165.77402210235596, "_step": 72, "best_val_loss": 0.7807337045669556, "best_epoch": 0, "_wandb": {"runtime": 164}}