{"graph": {"_type": "graph-file", "sha256": "b5058c5294068e92341ec255e1be8f373701242a4f9531d8872a2b8d86997349", "size": 1414, "path": "media/graph/graph_summary_b5058c5294068e92341e.graph.json"}, "epoch": 68, "_timestamp": 1668792276.2814586, "loss": 198732.71875, "val_loss": 114860.484375, "_runtime": 154.49551558494568, "_step": 68, "best_val_loss": 0.8736311793327332, "best_epoch": 2, "_wandb": {"runtime": 154}}