{"graph": {"_type": "graph-file", "sha256": "be253bec38b6a590ad7e4bb1f15ca5169ad9f36760fa6fc085b6501d0f43a2e4", "size": 1414, "path": "media/graph/graph_summary_be253bec38b6a590ad7e.graph.json"}, "epoch": 63, "_timestamp": 1668671661.0657964, "loss": 220687.734375, "val_loss": 1057.68505859375, "_runtime": 164.1912703514099, "_step": 63, "best_val_loss": 0.7723771333694458, "best_epoch": 0, "_wandb": {"runtime": 163}}