{"graph": {"_type": "graph-file", "sha256": "259c7eb704f8953df9a88ab58ec2782a6074c58122af7ec5e0a74510c9d40187", "size": 1410, "path": "media/graph/graph_summary_259c7eb704f8953df9a8.graph.json"}, "epoch": 40, "_timestamp": 1668781231.6539621, "loss": 896.6775512695312, "val_loss": 760.2521362304688, "_runtime": 76.1469841003418, "_step": 40, "best_val_loss": 0.8068966269493103, "best_epoch": 3, "_wandb": {"runtime": 75}}