{"graph": {"_type": "graph-file", "sha256": "3bf524d93e70f46455f896f8bde803416f3b6e32196f958805d72d29190eb5c3", "size": 1412, "path": "media/graph/graph_summary_3bf524d93e70f46455f8.graph.json"}, "epoch": 82, "_timestamp": 1668790085.8014512, "loss": 292085.21875, "val_loss": 66234.75, "_runtime": 240.57541513442993, "_step": 82, "best_val_loss": 0.7920320630073547, "best_epoch": 1, "_wandb": {"runtime": 240}}