{"graph": {"_type": "graph-file", "sha256": "1aff51ac0210162b306c8cdb1016761e1a9b6f99f93232be223002a6edb937df", "size": 1411, "path": "media/graph/graph_summary_1aff51ac0210162b306c.graph.json"}, "epoch": 95, "_timestamp": 1668664762.1157608, "loss": 229.10191345214844, "val_loss": 74.27745819091797, "_runtime": 285.344361782074, "_step": 95, "best_val_loss": 0.9249274730682373, "best_epoch": 0, "_wandb": {"runtime": 284}}