{"graph": {"_type": "graph-file", "sha256": "db34ad846bc96dd3bfc9b3c7eea41cdb412ce942677d0caa83af44601c2ac023", "size": 1414, "path": "media/graph/graph_summary_db34ad846bc96dd3bfc9.graph.json"}, "epoch": 36, "_timestamp": 1668668238.7809706, "loss": 734.9946899414062, "val_loss": 312.9919128417969, "_runtime": 116.32590651512146, "_step": 36, "best_val_loss": 0.756683349609375, "best_epoch": 1, "_wandb": {"runtime": 115}}