{"graph": {"_type": "graph-file", "sha256": "d0dab23e5ad50f220834e5ea7b5be0cb21ed0968ecbe6b76178698cb1ce6bdb8", "size": 1414, "path": "media/graph/graph_summary_d0dab23e5ad50f220834.graph.json"}, "epoch": 79, "_timestamp": 1668798019.5550687, "loss": 4003359.0, "val_loss": 1608270.875, "_runtime": 249.28356862068176, "_step": 79, "best_val_loss": 0.8713143467903137, "best_epoch": 2, "_wandb": {"runtime": 248}}