{"graph": {"_type": "graph-file", "sha256": "f607617cd21b0eaa8d93faf302bdfd57910492ed22dee3bd456f99a32ca6148a", "size": 1410, "path": "media/graph/graph_summary_f607617cd21b0eaa8d93.graph.json"}, "epoch": 65, "_timestamp": 1668795400.2375507, "loss": 111.99028778076172, "val_loss": 42.87580108642578, "_runtime": 207.16548085212708, "_step": 65, "best_val_loss": 0.7999448180198669, "best_epoch": 0, "_wandb": {"runtime": 206}}