{"graph": {"_type": "graph-file", "sha256": "646f302711434af7cecbb155ce9df8fbf5a261ac43aff3f189910056e757b665", "size": 1414, "path": "media/graph/graph_summary_646f302711434af7cecb.graph.json"}, "epoch": 68, "_timestamp": 1668782133.9906607, "loss": 216300816.0, "val_loss": 1620447.5, "_runtime": 184.91976261138916, "_step": 68, "best_val_loss": 0.8624662756919861, "best_epoch": 3, "_wandb": {"runtime": 184}}