{"graph": {"_type": "graph-file", "sha256": "d40b29388df3ab2348642b0c0c14466b7c5ce593e4e3c384b63a87133bb92bd9", "size": 1413, "path": "media/graph/graph_summary_d40b29388df3ab234864.graph.json"}, "epoch": 39, "_timestamp": 1668776825.1708202, "loss": 609200.4375, "val_loss": 11966.0634765625, "_runtime": 126.27556228637695, "_step": 39, "best_val_loss": 0.9703623056411743, "best_epoch": 1, "_wandb": {"runtime": 125}}