{"graph": {"_type": "graph-file", "sha256": "adc91b814cb18930e2f333f44a5c33e4b7a85436ff181584618b0e791aa5e9c4", "size": 1413, "path": "media/graph/graph_summary_adc91b814cb18930e2f3.graph.json"}, "epoch": 92, "_timestamp": 1668790291.6367621, "loss": 2205819.25, "val_loss": 1394583.25, "_runtime": 195.1358141899109, "_step": 92, "best_val_loss": 1.0373600721359253, "best_epoch": 2, "_wandb": {"runtime": 194}}