{"graph": {"_type": "graph-file", "sha256": "c21007e2c69517ca42cf6deb4e281ba85723ef53d4876baa1cfd2a106fa0b18b", "size": 1414, "path": "media/graph/graph_summary_c21007e2c69517ca42cf.graph.json"}, "epoch": 46, "_timestamp": 1668687248.0380929, "loss": 10069111.0, "val_loss": 146043.40625, "_runtime": 137.45232582092285, "_step": 46, "best_val_loss": 0.7266788482666016, "best_epoch": 3, "_wandb": {"runtime": 136}}