{"graph": {"_type": "graph-file", "sha256": "3ad37bb12a1702e7a382206999c3c7c4597b189d638fb4accbf1ed8838217d70", "size": 1413, "path": "media/graph/graph_summary_3ad37bb12a1702e7a382.graph.json"}, "epoch": 32, "_timestamp": 1668678110.391662, "loss": 496491328.0, "val_loss": 8428588.0, "_runtime": 135.8825500011444, "_step": 32, "best_val_loss": 19480.85546875, "best_epoch": 14, "_wandb": {"runtime": 135}}