{"graph": {"_type": "graph-file", "sha256": "78eabefd91c9136176dc8d6b7fc929a8fb000770ee63d98245b0d92f8b4427b6", "size": 1412, "path": "media/graph/graph_summary_78eabefd91c9136176dc.graph.json"}, "epoch": 82, "_timestamp": 1668673824.4535878, "loss": 12.418832778930664, "val_loss": 5.408786296844482, "_runtime": 209.30810165405273, "_step": 82, "best_val_loss": 0.7931846380233765, "best_epoch": 0, "_wandb": {"runtime": 208}}