{"graph": {"_type": "graph-file", "sha256": "17c2f1bec043700eea3d7cfcbb68bfe964434eeaac072aed8d1d36b8093a0647", "size": 1413, "path": "media/graph/graph_summary_17c2f1bec043700eea3d.graph.json"}, "epoch": 52, "_timestamp": 1668682691.9348044, "loss": 68129.984375, "val_loss": 1412.3697509765625, "_runtime": 155.19632148742676, "_step": 52, "best_val_loss": 0.8164211511611938, "best_epoch": 0, "_wandb": {"runtime": 154}}